{"type":"FeatureCollection","features":[{"type":"Feature","properties":{"name":"箕面萱野","symbol":"M","color":"#E5171F","operator":"北大阪急行","isMajor":true},"geometry":{"type":"Point","coordinates":[135.4897,34.834]}},{"type":"Feature","properties":{"name":"箕面船場阪大前","symbol":"M","color":"#E5171F","operator":"北大阪急行","isMajor":false},"geometry":{"type":"Point","coordinates":[135.4886,34.8192]}},{"type":"Feature","properties":{"name":"新石切","symbol":"近畿","color":"#666666","operator":"近畿日本鉄道","isMajor":false},"geometry":{"type":"Point","coordinates":[135.6411,34.6801]}},{"type":"Feature","properties":{"name":"長田","symbol":"近畿","color":"#666666","operator":"近畿日本鉄道","isMajor":false},"geometry":{"type":"Point","coordinates":[135.59196,34.67875]}},{"type":"Feature","properties":{"name":"吉田","symbol":"近畿","color":"#666666","operator":"近畿日本鉄道","isMajor":false},"geometry":{"type":"Point","coordinates":[135.62452,34.68034]}},{"type":"Feature","properties":{"name":"荒本","symbol":"近畿","color":"#666666","operator":"近畿日本鉄道","isMajor":false},"geometry":{"type":"Point","coordinates":[135.60499,34.67862]}},{"type":"Feature","properties":{"name":"生駒","symbol":"近畿","color":"#666666","operator":"近畿日本鉄道","isMajor":true},"geometry":{"type":"Point","coordinates":[135.69806,34.6931]}},{"type":"Feature","properties":{"name":"白庭台","symbol":"近畿","color":"#666666","operator":"近畿日本鉄道","isMajor":false},"geometry":{"type":"Point","coordinates":[135.71683,34.72103]}},{"type":"Feature","properties":{"name":"学研北生駒","symbol":"近畿","color":"#666666","operator":"近畿日本鉄道","isMajor":false},"geometry":{"type":"Point","coordinates":[135.72342,34.72485]}},{"type":"Feature","properties":{"name":"香里園","symbol":"京阪","color":"#666666","operator":"京阪電気鉄道","isMajor":false},"geometry":{"type":"Point","coordinates":[135.63094,34.78456]}},{"type":"Feature","properties":{"name":"大和田","symbol":"京阪","color":"#666666","operator":"京阪電気鉄道","isMajor":false},"geometry":{"type":"Point","coordinates":[135.60255,34.74293]}},{"type":"Feature","properties":{"name":"守口市","symbol":"京阪","color":"#666666","operator":"京阪電気鉄道","isMajor":false},"geometry":{"type":"Point","coordinates":[135.56514,34.73524]}},{"type":"Feature","properties":{"name":"御殿山","symbol":"京阪","color":"#666666","operator":"京阪電気鉄道","isMajor":false},"geometry":{"type":"Point","coordinates":[135.654,34.82917]}},{"type":"Feature","properties":{"name":"枚方公園","symbol":"京阪","color":"#666666","operator":"京阪電気鉄道","isMajor":false},"geometry":{"type":"Point","coordinates":[135.6395,34.81163]}},{"type":"Feature","properties":{"name":"萱島","symbol":"京阪","color":"#666666","operator":"京阪電気鉄道","isMajor":false},"geometry":{"type":"Point","coordinates":[135.611,34.7474]}},{"type":"Feature","properties":{"name":"寝屋川市","symbol":"京阪","color":"#666666","operator":"京阪電気鉄道","isMajor":false},"geometry":{"type":"Point","coordinates":[135.62079,34.764]}},{"type":"Feature","properties":{"name":"西三荘","symbol":"京阪","color":"#666666","operator":"京阪電気鉄道","isMajor":false},"geometry":{"type":"Point","coordinates":[135.57589,34.73734]}},{"type":"Feature","properties":{"name":"門真市","symbol":"京阪","color":"#666666","operator":"京阪電気鉄道","isMajor":false},"geometry":{"type":"Point","coordinates":[135.583,34.7381]}},{"type":"Feature","properties":{"name":"光善寺","symbol":"京阪","color":"#666666","operator":"京阪電気鉄道","isMajor":false},"geometry":{"type":"Point","coordinates":[135.63017,34.79776]}},{"type":"Feature","properties":{"name":"枚方市","symbol":"京阪","color":"#666666","operator":"京阪電気鉄道","isMajor":false},"geometry":{"type":"Point","coordinates":[135.64872,34.81624]}},{"type":"Feature","properties":{"name":"古川橋","symbol":"京阪","color":"#666666","operator":"京阪電気鉄道","isMajor":false},"geometry":{"type":"Point","coordinates":[135.59129,34.73987]}},{"type":"Feature","properties":{"name":"牧野","symbol":"京阪","color":"#666666","operator":"京阪電気鉄道","isMajor":false},"geometry":{"type":"Point","coordinates":[135.6655,34.84377]}},{"type":"Feature","properties":{"name":"土居","symbol":"京阪","color":"#666666","operator":"京阪電気鉄道","isMajor":false},"geometry":{"type":"Point","coordinates":[135.55978,34.73064]}},{"type":"Feature","properties":{"name":"北浜","symbol":"京阪","color":"#666666","operator":"京阪電気鉄道","isMajor":true},"geometry":{"type":"Point","coordinates":[135.50759,34.69151]}},{"type":"Feature","properties":{"name":"淀屋橋","symbol":"京阪","color":"#666666","operator":"京阪電気鉄道","isMajor":true},"geometry":{"type":"Point","coordinates":[135.50319,34.69221]}},{"type":"Feature","properties":{"name":"天満橋","symbol":"京阪","color":"#666666","operator":"京阪電気鉄道","isMajor":true},"geometry":{"type":"Point","coordinates":[135.5163,34.69039]}},{"type":"Feature","properties":{"name":"京橋","symbol":"京阪","color":"#666666","operator":"京阪電気鉄道","isMajor":true},"geometry":{"type":"Point","coordinates":[135.53242,34.69702]}},{"type":"Feature","properties":{"name":"森小路","symbol":"京阪","color":"#666666","operator":"京阪電気鉄道","isMajor":false},"geometry":{"type":"Point","coordinates":[135.55168,34.71945]}},{"type":"Feature","properties":{"name":"千林","symbol":"京阪","color":"#666666","operator":"京阪電気鉄道","isMajor":false},"geometry":{"type":"Point","coordinates":[135.55482,34.72406]}},{"type":"Feature","properties":{"name":"関目","symbol":"京阪","color":"#666666","operator":"京阪電気鉄道","isMajor":false},"geometry":{"type":"Point","coordinates":[135.54699,34.71263]}},{"type":"Feature","properties":{"name":"野江","symbol":"京阪","color":"#666666","operator":"京阪電気鉄道","isMajor":false},"geometry":{"type":"Point","coordinates":[135.54334,34.7073]}},{"type":"Feature","properties":{"name":"滝井","symbol":"京阪","color":"#666666","operator":"京阪電気鉄道","isMajor":false},"geometry":{"type":"Point","coordinates":[135.55745,34.7279]}},{"type":"Feature","properties":{"name":"河内森","symbol":"京阪","color":"#666666","operator":"京阪電気鉄道","isMajor":false},"geometry":{"type":"Point","coordinates":[135.68566,34.77383]}},{"type":"Feature","properties":{"name":"宮之阪","symbol":"京阪","color":"#666666","operator":"京阪電気鉄道","isMajor":false},"geometry":{"type":"Point","coordinates":[135.65669,34.81368]}},{"type":"Feature","properties":{"name":"星ヶ丘","symbol":"京阪","color":"#666666","operator":"京阪電気鉄道","isMajor":false},"geometry":{"type":"Point","coordinates":[135.65983,34.8076]}},{"type":"Feature","properties":{"name":"私市","symbol":"京阪","color":"#666666","operator":"京阪電気鉄道","isMajor":false},"geometry":{"type":"Point","coordinates":[135.68656,34.76764]}},{"type":"Feature","properties":{"name":"交野市","symbol":"京阪","color":"#666666","operator":"京阪電気鉄道","isMajor":false},"geometry":{"type":"Point","coordinates":[135.67564,34.78692]}},{"type":"Feature","properties":{"name":"村野","symbol":"京阪","color":"#666666","operator":"京阪電気鉄道","isMajor":false},"geometry":{"type":"Point","coordinates":[135.6642,34.80186]}},{"type":"Feature","properties":{"name":"郡津","symbol":"京阪","color":"#666666","operator":"京阪電気鉄道","isMajor":false},"geometry":{"type":"Point","coordinates":[135.66989,34.79445]}},{"type":"Feature","properties":{"name":"近鉄新庄","symbol":"近畿","color":"#666666","operator":"近畿日本鉄道","isMajor":false},"geometry":{"type":"Point","coordinates":[135.72728,34.4893]}},{"type":"Feature","properties":{"name":"尺土","symbol":"近畿","color":"#666666","operator":"近畿日本鉄道","isMajor":false},"geometry":{"type":"Point","coordinates":[135.72081,34.50855]}},{"type":"Feature","properties":{"name":"服部川","symbol":"近畿","color":"#666666","operator":"近畿日本鉄道","isMajor":false},"geometry":{"type":"Point","coordinates":[135.64116,34.62646]}},{"type":"Feature","properties":{"name":"信貴山口","symbol":"近畿","color":"#666666","operator":"近畿日本鉄道","isMajor":false},"geometry":{"type":"Point","coordinates":[135.64236,34.6201]}},{"type":"Feature","properties":{"name":"河内山本","symbol":"近畿","color":"#666666","operator":"近畿日本鉄道","isMajor":false},"geometry":{"type":"Point","coordinates":[135.61917,34.62792]}},{"type":"Feature","properties":{"name":"生駒山上","symbol":"近畿","color":"#666666","operator":"近畿日本鉄道","isMajor":false},"geometry":{"type":"Point","coordinates":[135.68054,34.67948]}},{"type":"Feature","properties":{"name":"宝山寺","symbol":"近畿","color":"#666666","operator":"近畿日本鉄道","isMajor":false},"geometry":{"type":"Point","coordinates":[135.68936,34.68618]}},{"type":"Feature","properties":{"name":"霞ヶ丘","symbol":"近畿","color":"#666666","operator":"近畿日本鉄道","isMajor":false},"geometry":{"type":"Point","coordinates":[135.68335,34.68109]}},{"type":"Feature","properties":{"name":"梅屋敷","symbol":"近畿","color":"#666666","operator":"近畿日本鉄道","isMajor":false},"geometry":{"type":"Point","coordinates":[135.68675,34.68313]}},{"type":"Feature","properties":{"name":"鳥居前","symbol":"近畿","color":"#666666","operator":"近畿日本鉄道","isMajor":false},"geometry":{"type":"Point","coordinates":[135.69592,34.69207]}},{"type":"Feature","properties":{"name":"南生駒","symbol":"近畿","color":"#666666","operator":"近畿日本鉄道","isMajor":false},"geometry":{"type":"Point","coordinates":[135.70887,34.6655]}},{"type":"Feature","properties":{"name":"一分","symbol":"近畿","color":"#666666","operator":"近畿日本鉄道","isMajor":false},"geometry":{"type":"Point","coordinates":[135.70798,34.67542]}},{"type":"Feature","properties":{"name":"菜畑","symbol":"近畿","color":"#666666","operator":"近畿日本鉄道","isMajor":false},"geometry":{"type":"Point","coordinates":[135.70669,34.6855]}},{"type":"Feature","properties":{"name":"勢野北口","symbol":"近畿","color":"#666666","operator":"近畿日本鉄道","isMajor":false},"geometry":{"type":"Point","coordinates":[135.70101,34.6061]}},{"type":"Feature","properties":{"name":"信貴山下","symbol":"近畿","color":"#666666","operator":"近畿日本鉄道","isMajor":false},"geometry":{"type":"Point","coordinates":[135.69518,34.6009]}},{"type":"Feature","properties":{"name":"竜田川","symbol":"近畿","color":"#666666","operator":"近畿日本鉄道","isMajor":false},"geometry":{"type":"Point","coordinates":[135.70466,34.61719]}},{"type":"Feature","properties":{"name":"王寺","symbol":"近畿","color":"#666666","operator":"近畿日本鉄道","isMajor":true},"geometry":{"type":"Point","coordinates":[135.70274,34.59772]}},{"type":"Feature","properties":{"name":"平群","symbol":"近畿","color":"#666666","operator":"近畿日本鉄道","isMajor":true},"geometry":{"type":"Point","coordinates":[135.70437,34.62927]}},{"type":"Feature","properties":{"name":"東山","symbol":"近畿","color":"#666666","operator":"近畿日本鉄道","isMajor":false},"geometry":{"type":"Point","coordinates":[135.7086,34.64871]}},{"type":"Feature","properties":{"name":"元山上口","symbol":"近畿","color":"#666666","operator":"近畿日本鉄道","isMajor":false},"geometry":{"type":"Point","coordinates":[135.7008,34.64061]}},{"type":"Feature","properties":{"name":"萩の台","symbol":"近畿","color":"#666666","operator":"近畿日本鉄道","isMajor":false},"geometry":{"type":"Point","coordinates":[135.70898,34.65698]}},{"type":"Feature","properties":{"name":"高安山","symbol":"近畿","color":"#666666","operator":"近畿日本鉄道","isMajor":false},"geometry":{"type":"Point","coordinates":[135.65352,34.61393]}},{"type":"Feature","properties":{"name":"鶴橋","symbol":"近畿","color":"#666666","operator":"近畿日本鉄道","isMajor":true},"geometry":{"type":"Point","coordinates":[135.53084,34.6652]}},{"type":"Feature","properties":{"name":"今里","symbol":"近畿","color":"#666666","operator":"近畿日本鉄道","isMajor":false},"geometry":{"type":"Point","coordinates":[135.54991,34.66472]}},{"type":"Feature","properties":{"name":"布施","symbol":"近畿","color":"#666666","operator":"近畿日本鉄道","isMajor":false},"geometry":{"type":"Point","coordinates":[135.56357,34.66409]}},{"type":"Feature","properties":{"name":"大阪上本町","symbol":"近畿","color":"#666666","operator":"近畿日本鉄道","isMajor":false},"geometry":{"type":"Point","coordinates":[135.52131,34.66548]}},{"type":"Feature","properties":{"name":"法善寺","symbol":"近畿","color":"#666666","operator":"近畿日本鉄道","isMajor":false},"geometry":{"type":"Point","coordinates":[135.62629,34.59519]}},{"type":"Feature","properties":{"name":"関屋","symbol":"近畿","color":"#666666","operator":"近畿日本鉄道","isMajor":false},"geometry":{"type":"Point","coordinates":[135.66792,34.55375]}},{"type":"Feature","properties":{"name":"堅下","symbol":"近畿","color":"#666666","operator":"近畿日本鉄道","isMajor":false},"geometry":{"type":"Point","coordinates":[135.62732,34.58843]}},{"type":"Feature","properties":{"name":"二上","symbol":"近畿","color":"#666666","operator":"近畿日本鉄道","isMajor":false},"geometry":{"type":"Point","coordinates":[135.68812,34.54657]}},{"type":"Feature","properties":{"name":"安堂","symbol":"近畿","color":"#666666","operator":"近畿日本鉄道","isMajor":false},"geometry":{"type":"Point","coordinates":[135.62912,34.5802]}},{"type":"Feature","properties":{"name":"恩智","symbol":"近畿","color":"#666666","operator":"近畿日本鉄道","isMajor":false},"geometry":{"type":"Point","coordinates":[135.62628,34.60988]}},{"type":"Feature","properties":{"name":"長瀬","symbol":"近畿","color":"#666666","operator":"近畿日本鉄道","isMajor":false},"geometry":{"type":"Point","coordinates":[135.57761,34.64986]}},{"type":"Feature","properties":{"name":"弥刀","symbol":"近畿","color":"#666666","operator":"近畿日本鉄道","isMajor":false},"geometry":{"type":"Point","coordinates":[135.58339,34.6414]}},{"type":"Feature","properties":{"name":"久宝寺口","symbol":"近畿","color":"#666666","operator":"近畿日本鉄道","isMajor":false},"geometry":{"type":"Point","coordinates":[135.59057,34.63459]}},{"type":"Feature","properties":{"name":"高安","symbol":"近畿","color":"#666666","operator":"近畿日本鉄道","isMajor":false},"geometry":{"type":"Point","coordinates":[135.62437,34.61966]}},{"type":"Feature","properties":{"name":"大阪教育大前","symbol":"近畿","color":"#666666","operator":"近畿日本鉄道","isMajor":false},"geometry":{"type":"Point","coordinates":[135.64477,34.55552]}},{"type":"Feature","properties":{"name":"近鉄下田","symbol":"近畿","color":"#666666","operator":"近畿日本鉄道","isMajor":false},"geometry":{"type":"Point","coordinates":[135.70438,34.54139]}},{"type":"Feature","properties":{"name":"五位堂","symbol":"近畿","color":"#666666","operator":"近畿日本鉄道","isMajor":false},"geometry":{"type":"Point","coordinates":[135.71819,34.53468]}},{"type":"Feature","properties":{"name":"河内国分","symbol":"近畿","color":"#666666","operator":"近畿日本鉄道","isMajor":false},"geometry":{"type":"Point","coordinates":[135.63573,34.56672]}},{"type":"Feature","properties":{"name":"近鉄八尾","symbol":"近畿","color":"#666666","operator":"近畿日本鉄道","isMajor":false},"geometry":{"type":"Point","coordinates":[135.60355,34.62983]}},{"type":"Feature","properties":{"name":"俊徳道","symbol":"近畿","color":"#666666","operator":"近畿日本鉄道","isMajor":false},"geometry":{"type":"Point","coordinates":[135.57162,34.65858]}},{"type":"Feature","properties":{"name":"川西","symbol":"近畿","color":"#666666","operator":"近畿日本鉄道","isMajor":false},"geometry":{"type":"Point","coordinates":[135.59066,34.49196]}},{"type":"Feature","properties":{"name":"喜志","symbol":"近畿","color":"#666666","operator":"近畿日本鉄道","isMajor":false},"geometry":{"type":"Point","coordinates":[135.60725,34.52264]}},{"type":"Feature","properties":{"name":"滝谷不動","symbol":"近畿","color":"#666666","operator":"近畿日本鉄道","isMajor":false},"geometry":{"type":"Point","coordinates":[135.58668,34.48139]}},{"type":"Feature","properties":{"name":"河内長野","symbol":"近畿","color":"#666666","operator":"近畿日本鉄道","isMajor":true},"geometry":{"type":"Point","coordinates":[135.57315,34.45111]}},{"type":"Feature","properties":{"name":"汐ノ宮","symbol":"近畿","color":"#666666","operator":"近畿日本鉄道","isMajor":false},"geometry":{"type":"Point","coordinates":[135.57911,34.46701]}},{"type":"Feature","properties":{"name":"富田林","symbol":"近畿","color":"#666666","operator":"近畿日本鉄道","isMajor":false},"geometry":{"type":"Point","coordinates":[135.60074,34.50433]}},{"type":"Feature","properties":{"name":"古市","symbol":"近畿","color":"#666666","operator":"近畿日本鉄道","isMajor":false},"geometry":{"type":"Point","coordinates":[135.60912,34.55405]}},{"type":"Feature","properties":{"name":"富田林西口","symbol":"近畿","color":"#666666","operator":"近畿日本鉄道","isMajor":false},"geometry":{"type":"Point","coordinates":[135.59628,34.50028]}},{"type":"Feature","properties":{"name":"新王寺","symbol":"近畿","color":"#666666","operator":"近畿日本鉄道","isMajor":false},"geometry":{"type":"Point","coordinates":[135.7047,34.59768]}},{"type":"Feature","properties":{"name":"大輪田","symbol":"近畿","color":"#666666","operator":"近畿日本鉄道","isMajor":false},"geometry":{"type":"Point","coordinates":[135.72038,34.58917]}},{"type":"Feature","properties":{"name":"柏原南口","symbol":"近畿","color":"#666666","operator":"近畿日本鉄道","isMajor":false},"geometry":{"type":"Point","coordinates":[135.62499,34.58163]}},{"type":"Feature","properties":{"name":"道明寺","symbol":"近畿","color":"#666666","operator":"近畿日本鉄道","isMajor":false},"geometry":{"type":"Point","coordinates":[135.62023,34.56838]}},{"type":"Feature","properties":{"name":"柏原","symbol":"近畿","color":"#666666","operator":"近畿日本鉄道","isMajor":false},"geometry":{"type":"Point","coordinates":[135.62323,34.58661]}},{"type":"Feature","properties":{"name":"石切","symbol":"近畿","color":"#666666","operator":"近畿日本鉄道","isMajor":false},"geometry":{"type":"Point","coordinates":[135.65511,34.68487]}},{"type":"Feature","properties":{"name":"河内永和","symbol":"近畿","color":"#666666","operator":"近畿日本鉄道","isMajor":false},"geometry":{"type":"Point","coordinates":[135.57314,34.66425]}},{"type":"Feature","properties":{"name":"河内花園","symbol":"近畿","color":"#666666","operator":"近畿日本鉄道","isMajor":false},"geometry":{"type":"Point","coordinates":[135.61843,34.66274]}},{"type":"Feature","properties":{"name":"東生駒","symbol":"近畿","color":"#666666","operator":"近畿日本鉄道","isMajor":false},"geometry":{"type":"Point","coordinates":[135.70959,34.6919]}},{"type":"Feature","properties":{"name":"額田","symbol":"近畿","color":"#666666","operator":"近畿日本鉄道","isMajor":false},"geometry":{"type":"Point","coordinates":[135.65112,34.6752]}},{"type":"Feature","properties":{"name":"枚岡","symbol":"近畿","color":"#666666","operator":"近畿日本鉄道","isMajor":false},"geometry":{"type":"Point","coordinates":[135.64806,34.66954]}},{"type":"Feature","properties":{"name":"河内小阪","symbol":"近畿","color":"#666666","operator":"近畿日本鉄道","isMajor":false},"geometry":{"type":"Point","coordinates":[135.58132,34.66398]}},{"type":"Feature","properties":{"name":"若江岩田","symbol":"近畿","color":"#666666","operator":"近畿日本鉄道","isMajor":false},"geometry":{"type":"Point","coordinates":[135.60836,34.66311]}},{"type":"Feature","properties":{"name":"瓢箪山","symbol":"近畿","color":"#666666","operator":"近畿日本鉄道","isMajor":false},"geometry":{"type":"Point","coordinates":[135.63897,34.66201]}},{"type":"Feature","properties":{"name":"八戸ノ里","symbol":"近畿","color":"#666666","operator":"近畿日本鉄道","isMajor":false},"geometry":{"type":"Point","coordinates":[135.58942,34.66373]}},{"type":"Feature","properties":{"name":"東花園","symbol":"近畿","color":"#666666","operator":"近畿日本鉄道","isMajor":false},"geometry":{"type":"Point","coordinates":[135.62679,34.66237]}},{"type":"Feature","properties":{"name":"当麻寺","symbol":"近畿","color":"#666666","operator":"近畿日本鉄道","isMajor":false},"geometry":{"type":"Point","coordinates":[135.70584,34.51649]}},{"type":"Feature","properties":{"name":"河内松原","symbol":"近畿","color":"#666666","operator":"近畿日本鉄道","isMajor":false},"geometry":{"type":"Point","coordinates":[135.55742,34.5755]}},{"type":"Feature","properties":{"name":"土師ノ里","symbol":"近畿","color":"#666666","operator":"近畿日本鉄道","isMajor":false},"geometry":{"type":"Point","coordinates":[135.61562,34.57162]}},{"type":"Feature","properties":{"name":"布忍","symbol":"近畿","color":"#666666","operator":"近畿日本鉄道","isMajor":false},"geometry":{"type":"Point","coordinates":[135.53942,34.57784]}},{"type":"Feature","properties":{"name":"高見ノ里","symbol":"近畿","color":"#666666","operator":"近畿日本鉄道","isMajor":false},"geometry":{"type":"Point","coordinates":[135.54601,34.57518]}},{"type":"Feature","properties":{"name":"上ノ太子","symbol":"近畿","color":"#666666","operator":"近畿日本鉄道","isMajor":false},"geometry":{"type":"Point","coordinates":[135.63765,34.53295]}},{"type":"Feature","properties":{"name":"河堀口","symbol":"近畿","color":"#666666","operator":"近畿日本鉄道","isMajor":false},"geometry":{"type":"Point","coordinates":[135.52425,34.64103]}},{"type":"Feature","properties":{"name":"高鷲","symbol":"近畿","color":"#666666","operator":"近畿日本鉄道","isMajor":false},"geometry":{"type":"Point","coordinates":[135.58452,34.57149]}},{"type":"Feature","properties":{"name":"大阪阿部野橋","symbol":"近畿","color":"#666666","operator":"近畿日本鉄道","isMajor":true},"geometry":{"type":"Point","coordinates":[135.51451,34.64563]}},{"type":"Feature","properties":{"name":"磐城","symbol":"近畿","color":"#666666","operator":"近畿日本鉄道","isMajor":false},"geometry":{"type":"Point","coordinates":[135.71083,34.51129]}},{"type":"Feature","properties":{"name":"今川","symbol":"近畿","color":"#666666","operator":"近畿日本鉄道","isMajor":false},"geometry":{"type":"Point","coordinates":[135.5311,34.62631]}},{"type":"Feature","properties":{"name":"河内天美","symbol":"近畿","color":"#666666","operator":"近畿日本鉄道","isMajor":false},"geometry":{"type":"Point","coordinates":[135.53544,34.58606]}},{"type":"Feature","properties":{"name":"恵我ノ荘","symbol":"近畿","color":"#666666","operator":"近畿日本鉄道","isMajor":false},"geometry":{"type":"Point","coordinates":[135.57282,34.57356]}},{"type":"Feature","properties":{"name":"藤井寺","symbol":"近畿","color":"#666666","operator":"近畿日本鉄道","isMajor":false},"geometry":{"type":"Point","coordinates":[135.594,34.57152]}},{"type":"Feature","properties":{"name":"駒ヶ谷","symbol":"近畿","color":"#666666","operator":"近畿日本鉄道","isMajor":false},"geometry":{"type":"Point","coordinates":[135.62208,34.54569]}},{"type":"Feature","properties":{"name":"二上山","symbol":"近畿","color":"#666666","operator":"近畿日本鉄道","isMajor":false},"geometry":{"type":"Point","coordinates":[135.68658,34.53868]}},{"type":"Feature","properties":{"name":"針中野","symbol":"近畿","color":"#666666","operator":"近畿日本鉄道","isMajor":false},"geometry":{"type":"Point","coordinates":[135.53305,34.61704]}},{"type":"Feature","properties":{"name":"矢田","symbol":"近畿","color":"#666666","operator":"近畿日本鉄道","isMajor":false},"geometry":{"type":"Point","coordinates":[135.53296,34.60591]}},{"type":"Feature","properties":{"name":"二上神社口","symbol":"近畿","color":"#666666","operator":"近畿日本鉄道","isMajor":false},"geometry":{"type":"Point","coordinates":[135.69407,34.53202]}},{"type":"Feature","properties":{"name":"北田辺","symbol":"近畿","color":"#666666","operator":"近畿日本鉄道","isMajor":false},"geometry":{"type":"Point","coordinates":[135.52894,34.63203]}},{"type":"Feature","properties":{"name":"近鉄日本橋","symbol":"近畿","color":"#666666","operator":"近畿日本鉄道","isMajor":true},"geometry":{"type":"Point","coordinates":[135.50623,34.66683]}},{"type":"Feature","properties":{"name":"大阪難波","symbol":"阪神","color":"#666666","operator":"阪神電気鉄道","isMajor":true},"geometry":{"type":"Point","coordinates":[135.49903,34.66706]}},{"type":"Feature","properties":{"name":"稲野","symbol":"阪急","color":"#666666","operator":"阪急電鉄","isMajor":false},"geometry":{"type":"Point","coordinates":[135.41564,34.76507]}},{"type":"Feature","properties":{"name":"新伊丹","symbol":"阪急","color":"#666666","operator":"阪急電鉄","isMajor":false},"geometry":{"type":"Point","coordinates":[135.41559,34.77237]}},{"type":"Feature","properties":{"name":"塚口","symbol":"阪急","color":"#666666","operator":"阪急電鉄","isMajor":false},"geometry":{"type":"Point","coordinates":[135.41624,34.75314]}},{"type":"Feature","properties":{"name":"伊丹","symbol":"阪急","color":"#666666","operator":"阪急電鉄","isMajor":true},"geometry":{"type":"Point","coordinates":[135.41373,34.77992]}},{"type":"Feature","properties":{"name":"茨木市","symbol":"阪急","color":"#666666","operator":"阪急電鉄","isMajor":false},"geometry":{"type":"Point","coordinates":[135.57568,34.8165]}},{"type":"Feature","properties":{"name":"高槻市","symbol":"阪急","color":"#666666","operator":"阪急電鉄","isMajor":false},"geometry":{"type":"Point","coordinates":[135.62315,34.84982]}},{"type":"Feature","properties":{"name":"富田","symbol":"阪急","color":"#666666","operator":"阪急電鉄","isMajor":false},"geometry":{"type":"Point","coordinates":[135.59271,34.83516]}},{"type":"Feature","properties":{"name":"総持寺","symbol":"阪急","color":"#666666","operator":"阪急電鉄","isMajor":false},"geometry":{"type":"Point","coordinates":[135.58479,34.82717]}},{"type":"Feature","properties":{"name":"南茨木","symbol":"阪急","color":"#666666","operator":"阪急電鉄","isMajor":false},"geometry":{"type":"Point","coordinates":[135.56501,34.80219]}},{"type":"Feature","properties":{"name":"淡路","symbol":"阪急","color":"#666666","operator":"阪急電鉄","isMajor":false},"geometry":{"type":"Point","coordinates":[135.51698,34.73938]}},{"type":"Feature","properties":{"name":"崇禅寺","symbol":"阪急","color":"#666666","operator":"阪急電鉄","isMajor":false},"geometry":{"type":"Point","coordinates":[135.51017,34.73101]}},{"type":"Feature","properties":{"name":"南方","symbol":"阪急","color":"#666666","operator":"阪急電鉄","isMajor":false},"geometry":{"type":"Point","coordinates":[135.4993,34.72571]}},{"type":"Feature","properties":{"name":"相川","symbol":"阪急","color":"#666666","operator":"阪急電鉄","isMajor":false},"geometry":{"type":"Point","coordinates":[135.53367,34.7578]}},{"type":"Feature","properties":{"name":"正雀","symbol":"阪急","color":"#666666","operator":"阪急電鉄","isMajor":false},"geometry":{"type":"Point","coordinates":[135.54566,34.7755]}},{"type":"Feature","properties":{"name":"上新庄","symbol":"阪急","color":"#666666","operator":"阪急電鉄","isMajor":false},"geometry":{"type":"Point","coordinates":[135.53301,34.75007]}},{"type":"Feature","properties":{"name":"十三","symbol":"阪急","color":"#666666","operator":"阪急電鉄","isMajor":true},"geometry":{"type":"Point","coordinates":[135.48241,34.72091]}},{"type":"Feature","properties":{"name":"苦楽園口","symbol":"阪急","color":"#666666","operator":"阪急電鉄","isMajor":false},"geometry":{"type":"Point","coordinates":[135.32894,34.75006]}},{"type":"Feature","properties":{"name":"甲陽園","symbol":"阪急","color":"#666666","operator":"阪急電鉄","isMajor":false},"geometry":{"type":"Point","coordinates":[135.33064,34.76056]}},{"type":"Feature","properties":{"name":"夙川","symbol":"阪急","color":"#666666","operator":"阪急電鉄","isMajor":false},"geometry":{"type":"Point","coordinates":[135.32806,34.74267]}},{"type":"Feature","properties":{"name":"門戸厄神","symbol":"阪急","color":"#666666","operator":"阪急電鉄","isMajor":false},"geometry":{"type":"Point","coordinates":[135.35824,34.75705]}},{"type":"Feature","properties":{"name":"仁川","symbol":"阪急","color":"#666666","operator":"阪急電鉄","isMajor":false},"geometry":{"type":"Point","coordinates":[135.35687,34.77508]}},{"type":"Feature","properties":{"name":"甲東園","symbol":"阪急","color":"#666666","operator":"阪急電鉄","isMajor":false},"geometry":{"type":"Point","coordinates":[135.35981,34.76677]}},{"type":"Feature","properties":{"name":"逆瀬川","symbol":"阪急","color":"#666666","operator":"阪急電鉄","isMajor":false},"geometry":{"type":"Point","coordinates":[135.35089,34.79702]}},{"type":"Feature","properties":{"name":"今津","symbol":"阪急","color":"#666666","operator":"阪急電鉄","isMajor":false},"geometry":{"type":"Point","coordinates":[135.35162,34.73194]}},{"type":"Feature","properties":{"name":"西宮北口","symbol":"阪急","color":"#666666","operator":"阪急電鉄","isMajor":false},"geometry":{"type":"Point","coordinates":[135.35677,34.74647]}},{"type":"Feature","properties":{"name":"宝塚南口","symbol":"阪急","color":"#666666","operator":"阪急電鉄","isMajor":false},"geometry":{"type":"Point","coordinates":[135.34584,34.80382]}},{"type":"Feature","properties":{"name":"阪神国道","symbol":"阪急","color":"#666666","operator":"阪急電鉄","isMajor":false},"geometry":{"type":"Point","coordinates":[135.35485,34.73739]}},{"type":"Feature","properties":{"name":"小林","symbol":"阪急","color":"#666666","operator":"阪急電鉄","isMajor":false},"geometry":{"type":"Point","coordinates":[135.35233,34.78938]}},{"type":"Feature","properties":{"name":"宝塚","symbol":"阪急","color":"#666666","operator":"阪急電鉄","isMajor":true},"geometry":{"type":"Point","coordinates":[135.34089,34.81049]}},{"type":"Feature","properties":{"name":"大阪梅田","symbol":"阪急","color":"#666666","operator":"阪急電鉄","isMajor":true},"geometry":{"type":"Point","coordinates":[135.49807,34.70554]}},{"type":"Feature","properties":{"name":"中津","symbol":"阪急","color":"#666666","operator":"阪急電鉄","isMajor":false},"geometry":{"type":"Point","coordinates":[135.49253,34.70987]}},{"type":"Feature","properties":{"name":"神崎川","symbol":"阪急","color":"#666666","operator":"阪急電鉄","isMajor":false},"geometry":{"type":"Point","coordinates":[135.47314,34.73198]}},{"type":"Feature","properties":{"name":"芦屋川","symbol":"阪急","color":"#666666","operator":"阪急電鉄","isMajor":false},"geometry":{"type":"Point","coordinates":[135.30079,34.73639]}},{"type":"Feature","properties":{"name":"園田","symbol":"阪急","color":"#666666","operator":"阪急電鉄","isMajor":false},"geometry":{"type":"Point","coordinates":[135.44811,34.75185]}},{"type":"Feature","properties":{"name":"岡本","symbol":"阪急","color":"#666666","operator":"阪急電鉄","isMajor":false},"geometry":{"type":"Point","coordinates":[135.27594,34.72918]}},{"type":"Feature","properties":{"name":"武庫之荘","symbol":"阪急","color":"#666666","operator":"阪急電鉄","isMajor":false},"geometry":{"type":"Point","coordinates":[135.39386,34.75166]}},{"type":"Feature","properties":{"name":"春日野道","symbol":"阪急","color":"#666666","operator":"阪急電鉄","isMajor":false},"geometry":{"type":"Point","coordinates":[135.20551,34.70307]}},{"type":"Feature","properties":{"name":"王子公園","symbol":"阪急","color":"#666666","operator":"阪急電鉄","isMajor":false},"geometry":{"type":"Point","coordinates":[135.21864,34.71034]}},{"type":"Feature","properties":{"name":"御影","symbol":"阪急","color":"#666666","operator":"阪急電鉄","isMajor":false},"geometry":{"type":"Point","coordinates":[135.25187,34.72457]}},{"type":"Feature","properties":{"name":"六甲","symbol":"阪急","color":"#666666","operator":"阪急電鉄","isMajor":false},"geometry":{"type":"Point","coordinates":[135.2337,34.71948]}},{"type":"Feature","properties":{"name":"下新庄","symbol":"阪急","color":"#666666","operator":"阪急電鉄","isMajor":false},"geometry":{"type":"Point","coordinates":[135.5199,34.74642]}},{"type":"Feature","properties":{"name":"豊津","symbol":"阪急","color":"#666666","operator":"阪急電鉄","isMajor":false},"geometry":{"type":"Point","coordinates":[135.5089,34.76464]}},{"type":"Feature","properties":{"name":"山田","symbol":"阪急","color":"#666666","operator":"阪急電鉄","isMajor":false},"geometry":{"type":"Point","coordinates":[135.51562,34.80386]}},{"type":"Feature","properties":{"name":"吹田","symbol":"阪急","color":"#666666","operator":"阪急電鉄","isMajor":false},"geometry":{"type":"Point","coordinates":[135.51729,34.7596]}},{"type":"Feature","properties":{"name":"関大前","symbol":"阪急","color":"#666666","operator":"阪急電鉄","isMajor":false},"geometry":{"type":"Point","coordinates":[135.50607,34.77091]}},{"type":"Feature","properties":{"name":"南千里","symbol":"阪急","color":"#666666","operator":"阪急電鉄","isMajor":false},"geometry":{"type":"Point","coordinates":[135.50875,34.79241]}},{"type":"Feature","properties":{"name":"千里山","symbol":"阪急","color":"#666666","operator":"阪急電鉄","isMajor":false},"geometry":{"type":"Point","coordinates":[135.50551,34.77898]}},{"type":"Feature","properties":{"name":"北千里","symbol":"阪急","color":"#666666","operator":"阪急電鉄","isMajor":false},"geometry":{"type":"Point","coordinates":[135.51103,34.81991]}},{"type":"Feature","properties":{"name":"柴島","symbol":"阪急","color":"#666666","operator":"阪急電鉄","isMajor":false},"geometry":{"type":"Point","coordinates":[135.51167,34.72867]}},{"type":"Feature","properties":{"name":"天神橋筋六丁目","symbol":"阪急","color":"#666666","operator":"阪急電鉄","isMajor":false},"geometry":{"type":"Point","coordinates":[135.51075,34.71019]}},{"type":"Feature","properties":{"name":"三国","symbol":"阪急","color":"#666666","operator":"阪急電鉄","isMajor":false},"geometry":{"type":"Point","coordinates":[135.48295,34.73748]}},{"type":"Feature","properties":{"name":"曽根","symbol":"阪急","color":"#666666","operator":"阪急電鉄","isMajor":false},"geometry":{"type":"Point","coordinates":[135.46773,34.77094]}},{"type":"Feature","properties":{"name":"庄内","symbol":"阪急","color":"#666666","operator":"阪急電鉄","isMajor":false},"geometry":{"type":"Point","coordinates":[135.47514,34.75034]}},{"type":"Feature","properties":{"name":"豊中","symbol":"阪急","color":"#666666","operator":"阪急電鉄","isMajor":false},"geometry":{"type":"Point","coordinates":[135.46193,34.78719]}},{"type":"Feature","properties":{"name":"服部天神","symbol":"阪急","color":"#666666","operator":"阪急電鉄","isMajor":false},"geometry":{"type":"Point","coordinates":[135.47518,34.76293]}},{"type":"Feature","properties":{"name":"岡町","symbol":"阪急","color":"#666666","operator":"阪急電鉄","isMajor":false},"geometry":{"type":"Point","coordinates":[135.46507,34.77892]}},{"type":"Feature","properties":{"name":"清荒神","symbol":"阪急","color":"#666666","operator":"阪急電鉄","isMajor":false},"geometry":{"type":"Point","coordinates":[135.35345,34.8112]}},{"type":"Feature","properties":{"name":"石橋阪大前","symbol":"阪急","color":"#666666","operator":"阪急電鉄","isMajor":false},"geometry":{"type":"Point","coordinates":[135.44549,34.8082]}},{"type":"Feature","properties":{"name":"池田","symbol":"阪急","color":"#666666","operator":"阪急電鉄","isMajor":false},"geometry":{"type":"Point","coordinates":[135.42563,34.8216]}},{"type":"Feature","properties":{"name":"川西能勢口","symbol":"阪急","color":"#666666","operator":"阪急電鉄","isMajor":false},"geometry":{"type":"Point","coordinates":[135.41329,34.82743]}},{"type":"Feature","properties":{"name":"雲雀丘花屋敷","symbol":"阪急","color":"#666666","operator":"阪急電鉄","isMajor":false},"geometry":{"type":"Point","coordinates":[135.40283,34.82728]}},{"type":"Feature","properties":{"name":"中山観音","symbol":"阪急","color":"#666666","operator":"阪急電鉄","isMajor":false},"geometry":{"type":"Point","coordinates":[135.36929,34.81954]}},{"type":"Feature","properties":{"name":"山本","symbol":"阪急","color":"#666666","operator":"阪急電鉄","isMajor":false},"geometry":{"type":"Point","coordinates":[135.38849,34.82195]}},{"type":"Feature","properties":{"name":"蛍池","symbol":"阪急","color":"#666666","operator":"阪急電鉄","isMajor":false},"geometry":{"type":"Point","coordinates":[135.44923,34.79465]}},{"type":"Feature","properties":{"name":"売布神社","symbol":"阪急","color":"#666666","operator":"阪急電鉄","isMajor":false},"geometry":{"type":"Point","coordinates":[135.36185,34.81631]}},{"type":"Feature","properties":{"name":"箕面","symbol":"阪急","color":"#666666","operator":"阪急電鉄","isMajor":false},"geometry":{"type":"Point","coordinates":[135.46822,34.83428]}},{"type":"Feature","properties":{"name":"牧落","symbol":"阪急","color":"#666666","operator":"阪急電鉄","isMajor":false},"geometry":{"type":"Point","coordinates":[135.4659,34.82347]}},{"type":"Feature","properties":{"name":"桜井","symbol":"阪急","color":"#666666","operator":"阪急電鉄","isMajor":false},"geometry":{"type":"Point","coordinates":[135.46083,34.81669]}},{"type":"Feature","properties":{"name":"住吉","symbol":"阪堺","color":"#666666","operator":"阪堺電気軌道","isMajor":false},"geometry":{"type":"Point","coordinates":[135.49174,34.61394]}},{"type":"Feature","properties":{"name":"北天下茶屋","symbol":"阪堺","color":"#666666","operator":"阪堺電気軌道","isMajor":false},"geometry":{"type":"Point","coordinates":[135.5002,34.63631]}},{"type":"Feature","properties":{"name":"聖天坂","symbol":"阪堺","color":"#666666","operator":"阪堺電気軌道","isMajor":false},"geometry":{"type":"Point","coordinates":[135.49946,34.63306]}},{"type":"Feature","properties":{"name":"今池","symbol":"阪堺","color":"#666666","operator":"阪堺電気軌道","isMajor":false},"geometry":{"type":"Point","coordinates":[135.50229,34.64566]}},{"type":"Feature","properties":{"name":"塚西","symbol":"阪堺","color":"#666666","operator":"阪堺電気軌道","isMajor":false},"geometry":{"type":"Point","coordinates":[135.49461,34.62355]}},{"type":"Feature","properties":{"name":"東粉浜","symbol":"阪堺","color":"#666666","operator":"阪堺電気軌道","isMajor":false},"geometry":{"type":"Point","coordinates":[135.49259,34.61823]}},{"type":"Feature","properties":{"name":"今船","symbol":"阪堺","color":"#666666","operator":"阪堺電気軌道","isMajor":false},"geometry":{"type":"Point","coordinates":[135.5017,34.64297]}},{"type":"Feature","properties":{"name":"東玉出","symbol":"阪堺","color":"#666666","operator":"阪堺電気軌道","isMajor":false},"geometry":{"type":"Point","coordinates":[135.49597,34.62686]}},{"type":"Feature","properties":{"name":"天神ノ森","symbol":"阪堺","color":"#666666","operator":"阪堺電気軌道","isMajor":false},"geometry":{"type":"Point","coordinates":[135.4977,34.62919]}},{"type":"Feature","properties":{"name":"恵美須町","symbol":"阪堺","color":"#666666","operator":"阪堺電気軌道","isMajor":false},"geometry":{"type":"Point","coordinates":[135.50495,34.65367]}},{"type":"Feature","properties":{"name":"新今宮駅前","symbol":"阪堺","color":"#666666","operator":"阪堺電気軌道","isMajor":false},"geometry":{"type":"Point","coordinates":[135.50338,34.64953]}},{"type":"Feature","properties":{"name":"松田町","symbol":"阪堺","color":"#666666","operator":"阪堺電気軌道","isMajor":false},"geometry":{"type":"Point","coordinates":[135.50092,34.63946]}},{"type":"Feature","properties":{"name":"大和川","symbol":"阪堺","color":"#666666","operator":"阪堺電気軌道","isMajor":false},"geometry":{"type":"Point","coordinates":[135.48675,34.59466]}},{"type":"Feature","properties":{"name":"浜寺駅前","symbol":"阪堺","color":"#666666","operator":"阪堺電気軌道","isMajor":false},"geometry":{"type":"Point","coordinates":[135.44353,34.54156]}},{"type":"Feature","properties":{"name":"宿院","symbol":"阪堺","color":"#666666","operator":"阪堺電気軌道","isMajor":false},"geometry":{"type":"Point","coordinates":[135.47201,34.57641]}},{"type":"Feature","properties":{"name":"我孫子道","symbol":"阪堺","color":"#666666","operator":"阪堺電気軌道","isMajor":false},"geometry":{"type":"Point","coordinates":[135.48875,34.60029]}},{"type":"Feature","properties":{"name":"綾ノ町","symbol":"阪堺","color":"#666666","operator":"阪堺電気軌道","isMajor":false},"geometry":{"type":"Point","coordinates":[135.4832,34.58791]}},{"type":"Feature","properties":{"name":"石津","symbol":"阪堺","color":"#666666","operator":"阪堺電気軌道","isMajor":false},"geometry":{"type":"Point","coordinates":[135.45504,34.5554]}},{"type":"Feature","properties":{"name":"高須神社","symbol":"阪堺","color":"#666666","operator":"阪堺電気軌道","isMajor":false},"geometry":{"type":"Point","coordinates":[135.48525,34.59048]}},{"type":"Feature","properties":{"name":"細井川","symbol":"阪堺","color":"#666666","operator":"阪堺電気軌道","isMajor":false},"geometry":{"type":"Point","coordinates":[135.49116,34.60971]}},{"type":"Feature","properties":{"name":"船尾","symbol":"阪堺","color":"#666666","operator":"阪堺電気軌道","isMajor":false},"geometry":{"type":"Point","coordinates":[135.45066,34.54993]}},{"type":"Feature","properties":{"name":"東湊","symbol":"阪堺","color":"#666666","operator":"阪堺電気軌道","isMajor":false},"geometry":{"type":"Point","coordinates":[135.4627,34.56481]}},{"type":"Feature","properties":{"name":"安立町","symbol":"阪堺","color":"#666666","operator":"阪堺電気軌道","isMajor":false},"geometry":{"type":"Point","coordinates":[135.49009,34.60546]}},{"type":"Feature","properties":{"name":"寺地町","symbol":"阪堺","color":"#666666","operator":"阪堺電気軌道","isMajor":false},"geometry":{"type":"Point","coordinates":[135.4694,34.57363]}},{"type":"Feature","properties":{"name":"御陵前","symbol":"阪堺","color":"#666666","operator":"阪堺電気軌道","isMajor":false},"geometry":{"type":"Point","coordinates":[135.46672,34.57075]}},{"type":"Feature","properties":{"name":"大小路","symbol":"阪堺","color":"#666666","operator":"阪堺電気軌道","isMajor":false},"geometry":{"type":"Point","coordinates":[135.47452,34.57913]}},{"type":"Feature","properties":{"name":"住吉鳥居前","symbol":"阪堺","color":"#666666","operator":"阪堺電気軌道","isMajor":false},"geometry":{"type":"Point","coordinates":[135.49121,34.61254]}},{"type":"Feature","properties":{"name":"花田口","symbol":"阪堺","color":"#666666","operator":"阪堺電気軌道","isMajor":false},"geometry":{"type":"Point","coordinates":[135.47694,34.58176]}},{"type":"Feature","properties":{"name":"妙国寺前","symbol":"阪堺","color":"#666666","operator":"阪堺電気軌道","isMajor":false},"geometry":{"type":"Point","coordinates":[135.47873,34.58369]}},{"type":"Feature","properties":{"name":"神明町","symbol":"阪堺","color":"#666666","operator":"阪堺電気軌道","isMajor":false},"geometry":{"type":"Point","coordinates":[135.48046,34.58553]}},{"type":"Feature","properties":{"name":"帝塚山四丁目","symbol":"阪堺","color":"#666666","operator":"阪堺電気軌道","isMajor":false},"geometry":{"type":"Point","coordinates":[135.49898,34.61762]}},{"type":"Feature","properties":{"name":"東天下茶屋","symbol":"阪堺","color":"#666666","operator":"阪堺電気軌道","isMajor":false},"geometry":{"type":"Point","coordinates":[135.50849,34.63251]}},{"type":"Feature","properties":{"name":"北畠","symbol":"阪堺","color":"#666666","operator":"阪堺電気軌道","isMajor":false},"geometry":{"type":"Point","coordinates":[135.50549,34.6273]}},{"type":"Feature","properties":{"name":"天王寺駅前","symbol":"阪堺","color":"#666666","operator":"阪堺電気軌道","isMajor":false},"geometry":{"type":"Point","coordinates":[135.51302,34.64628]}},{"type":"Feature","properties":{"name":"松虫","symbol":"阪堺","color":"#666666","operator":"阪堺電気軌道","isMajor":false},"geometry":{"type":"Point","coordinates":[135.50984,34.63549]}},{"type":"Feature","properties":{"name":"帝塚山三丁目","symbol":"阪堺","color":"#666666","operator":"阪堺電気軌道","isMajor":false},"geometry":{"type":"Point","coordinates":[135.50075,34.62056]}},{"type":"Feature","properties":{"name":"神ノ木","symbol":"阪堺","color":"#666666","operator":"阪堺電気軌道","isMajor":false},"geometry":{"type":"Point","coordinates":[135.49674,34.61583]}},{"type":"Feature","properties":{"name":"阿倍野","symbol":"阪堺","color":"#666666","operator":"阪堺電気軌道","isMajor":false},"geometry":{"type":"Point","coordinates":[135.51181,34.64178]}},{"type":"Feature","properties":{"name":"姫松","symbol":"阪堺","color":"#666666","operator":"阪堺電気軌道","isMajor":false},"geometry":{"type":"Point","coordinates":[135.50317,34.6241]}},{"type":"Feature","properties":{"name":"千鳥橋","symbol":"阪神","color":"#666666","operator":"阪神電気鉄道","isMajor":false},"geometry":{"type":"Point","coordinates":[135.45777,34.68538]}},{"type":"Feature","properties":{"name":"西九条","symbol":"阪神","color":"#666666","operator":"阪神電気鉄道","isMajor":false},"geometry":{"type":"Point","coordinates":[135.46558,34.68275]}},{"type":"Feature","properties":{"name":"尼崎","symbol":"阪神","color":"#666666","operator":"阪神電気鉄道","isMajor":false},"geometry":{"type":"Point","coordinates":[135.41732,34.71851]}},{"type":"Feature","properties":{"name":"福","symbol":"阪神","color":"#666666","operator":"阪神電気鉄道","isMajor":false},"geometry":{"type":"Point","coordinates":[135.44274,34.69983]}},{"type":"Feature","properties":{"name":"伝法","symbol":"阪神","color":"#666666","operator":"阪神電気鉄道","isMajor":false},"geometry":{"type":"Point","coordinates":[135.45161,34.68927]}},{"type":"Feature","properties":{"name":"大物","symbol":"阪神","color":"#666666","operator":"阪神電気鉄道","isMajor":false},"geometry":{"type":"Point","coordinates":[135.42591,34.71644]}},{"type":"Feature","properties":{"name":"出来島","symbol":"阪神","color":"#666666","operator":"阪神電気鉄道","isMajor":false},"geometry":{"type":"Point","coordinates":[135.43685,34.70727]}},{"type":"Feature","properties":{"name":"武庫川","symbol":"阪神","color":"#666666","operator":"阪神電気鉄道","isMajor":false},"geometry":{"type":"Point","coordinates":[135.38123,34.71835]}},{"type":"Feature","properties":{"name":"洲先","symbol":"阪神","color":"#666666","operator":"阪神電気鉄道","isMajor":false},"geometry":{"type":"Point","coordinates":[135.37796,34.709]}},{"type":"Feature","properties":{"name":"東鳴尾","symbol":"阪神","color":"#666666","operator":"阪神電気鉄道","isMajor":false},"geometry":{"type":"Point","coordinates":[135.37915,34.71272]}},{"type":"Feature","properties":{"name":"武庫川団地前","symbol":"阪神","color":"#666666","operator":"阪神電気鉄道","isMajor":false},"geometry":{"type":"Point","coordinates":[135.37486,34.70494]}},{"type":"Feature","properties":{"name":"大阪梅田","symbol":"阪神","color":"#666666","operator":"阪神電気鉄道","isMajor":true},"geometry":{"type":"Point","coordinates":[135.49725,34.7015]}},{"type":"Feature","properties":{"name":"淀川","symbol":"阪神","color":"#666666","operator":"阪神電気鉄道","isMajor":false},"geometry":{"type":"Point","coordinates":[135.46521,34.6962]}},{"type":"Feature","properties":{"name":"福島","symbol":"阪神","color":"#666666","operator":"阪神電気鉄道","isMajor":true},"geometry":{"type":"Point","coordinates":[135.48827,34.69607]}},{"type":"Feature","properties":{"name":"野田","symbol":"阪神","color":"#666666","operator":"阪神電気鉄道","isMajor":true},"geometry":{"type":"Point","coordinates":[135.47606,34.6944]}},{"type":"Feature","properties":{"name":"姫島","symbol":"阪神","color":"#666666","operator":"阪神電気鉄道","isMajor":false},"geometry":{"type":"Point","coordinates":[135.45819,34.70435]}},{"type":"Feature","properties":{"name":"打出","symbol":"阪神","color":"#666666","operator":"阪神電気鉄道","isMajor":false},"geometry":{"type":"Point","coordinates":[135.31557,34.73161]}},{"type":"Feature","properties":{"name":"甲子園","symbol":"阪神","color":"#666666","operator":"阪神電気鉄道","isMajor":false},"geometry":{"type":"Point","coordinates":[135.36327,34.72396]}},{"type":"Feature","properties":{"name":"魚崎","symbol":"阪神","color":"#666666","operator":"阪神電気鉄道","isMajor":false},"geometry":{"type":"Point","coordinates":[135.26968,34.71268]}},{"type":"Feature","properties":{"name":"西宮","symbol":"阪神","color":"#666666","operator":"阪神電気鉄道","isMajor":false},"geometry":{"type":"Point","coordinates":[135.3395,34.73668]}},{"type":"Feature","properties":{"name":"住吉","symbol":"阪神","color":"#666666","operator":"阪神電気鉄道","isMajor":false},"geometry":{"type":"Point","coordinates":[135.26126,34.71305]}},{"type":"Feature","properties":{"name":"芦屋","symbol":"阪神","color":"#666666","operator":"阪神電気鉄道","isMajor":false},"geometry":{"type":"Point","coordinates":[135.30355,34.72777]}},{"type":"Feature","properties":{"name":"香櫨園","symbol":"阪神","color":"#666666","operator":"阪神電気鉄道","isMajor":false},"geometry":{"type":"Point","coordinates":[135.32889,34.73431]}},{"type":"Feature","properties":{"name":"深江","symbol":"阪神","color":"#666666","operator":"阪神電気鉄道","isMajor":false},"geometry":{"type":"Point","coordinates":[135.29145,34.72257]}},{"type":"Feature","properties":{"name":"青木","symbol":"阪神","color":"#666666","operator":"阪神電気鉄道","isMajor":false},"geometry":{"type":"Point","coordinates":[135.28065,34.71698]}},{"type":"Feature","properties":{"name":"出屋敷","symbol":"阪神","color":"#666666","operator":"阪神電気鉄道","isMajor":false},"geometry":{"type":"Point","coordinates":[135.40461,34.71826]}},{"type":"Feature","properties":{"name":"尼崎センタープール前","symbol":"阪神","color":"#666666","operator":"阪神電気鉄道","isMajor":false},"geometry":{"type":"Point","coordinates":[135.39525,34.71787]}},{"type":"Feature","properties":{"name":"杭瀬","symbol":"阪神","color":"#666666","operator":"阪神電気鉄道","isMajor":false},"geometry":{"type":"Point","coordinates":[135.43868,34.71831]}},{"type":"Feature","properties":{"name":"千船","symbol":"阪神","color":"#666666","operator":"阪神電気鉄道","isMajor":false},"geometry":{"type":"Point","coordinates":[135.44535,34.71226]}},{"type":"Feature","properties":{"name":"久寿川","symbol":"阪神","color":"#666666","operator":"阪神電気鉄道","isMajor":false},"geometry":{"type":"Point","coordinates":[135.35689,34.72702]}},{"type":"Feature","properties":{"name":"鳴尾・武庫川女子大前","symbol":"阪神","color":"#666666","operator":"阪神電気鉄道","isMajor":false},"geometry":{"type":"Point","coordinates":[135.37039,34.71968]}},{"type":"Feature","properties":{"name":"今津","symbol":"阪神","color":"#666666","operator":"阪神電気鉄道","isMajor":false},"geometry":{"type":"Point","coordinates":[135.35174,34.73089]}},{"type":"Feature","properties":{"name":"西灘","symbol":"阪神","color":"#666666","operator":"阪神電気鉄道","isMajor":false},"geometry":{"type":"Point","coordinates":[135.22434,34.70573]}},{"type":"Feature","properties":{"name":"石屋川","symbol":"阪神","color":"#666666","operator":"阪神電気鉄道","isMajor":false},"geometry":{"type":"Point","coordinates":[135.24942,34.71332]}},{"type":"Feature","properties":{"name":"岩屋","symbol":"阪神","color":"#666666","operator":"阪神電気鉄道","isMajor":false},"geometry":{"type":"Point","coordinates":[135.21849,34.7042]}},{"type":"Feature","properties":{"name":"大石","symbol":"阪神","color":"#666666","operator":"阪神電気鉄道","isMajor":false},"geometry":{"type":"Point","coordinates":[135.23107,34.70771]}},{"type":"Feature","properties":{"name":"御影","symbol":"阪神","color":"#666666","operator":"阪神電気鉄道","isMajor":false},"geometry":{"type":"Point","coordinates":[135.25551,34.71492]}},{"type":"Feature","properties":{"name":"春日野道","symbol":"阪神","color":"#666666","operator":"阪神電気鉄道","isMajor":false},"geometry":{"type":"Point","coordinates":[135.20817,34.69962]}},{"type":"Feature","properties":{"name":"新在家","symbol":"阪神","color":"#666666","operator":"阪神電気鉄道","isMajor":false},"geometry":{"type":"Point","coordinates":[135.24057,34.71061]}},{"type":"Feature","properties":{"name":"海老江","symbol":"JR","color":"#333333","operator":"JR West","isMajor":false},"geometry":{"type":"Point","coordinates":[135.47297,34.69565]}},{"type":"Feature","properties":{"name":"新福島","symbol":"JR","color":"#333333","operator":"JR West","isMajor":true},"geometry":{"type":"Point","coordinates":[135.48556,34.69488]}},{"type":"Feature","properties":{"name":"北新地","symbol":"JR","color":"#333333","operator":"JR West","isMajor":false},"geometry":{"type":"Point","coordinates":[135.4971,34.69837]}},{"type":"Feature","properties":{"name":"大阪城北詰","symbol":"JR","color":"#333333","operator":"JR West","isMajor":false},"geometry":{"type":"Point","coordinates":[135.52536,34.69451]}},{"type":"Feature","properties":{"name":"御幣島","symbol":"JR","color":"#333333","operator":"JR West","isMajor":false},"geometry":{"type":"Point","coordinates":[135.45561,34.71269]}},{"type":"Feature","properties":{"name":"京橋","symbol":"JR","color":"#333333","operator":"JR West","isMajor":true},"geometry":{"type":"Point","coordinates":[135.53409,34.69602]}},{"type":"Feature","properties":{"name":"大阪天満宮","symbol":"JR","color":"#333333","operator":"JR West","isMajor":false},"geometry":{"type":"Point","coordinates":[135.51335,34.69742]}},{"type":"Feature","properties":{"name":"加島","symbol":"JR","color":"#333333","operator":"JR West","isMajor":false},"geometry":{"type":"Point","coordinates":[135.45359,34.72775]}},{"type":"Feature","properties":{"name":"尼崎","symbol":"JR","color":"#333333","operator":"JR West","isMajor":false},"geometry":{"type":"Point","coordinates":[135.43178,34.73185]}},{"type":"Feature","properties":{"name":"関西空港","symbol":"JR","color":"#333333","operator":"JR West","isMajor":true},"geometry":{"type":"Point","coordinates":[135.2432,34.4359]}},{"type":"Feature","properties":{"name":"りんくうタウン","symbol":"JR","color":"#333333","operator":"JR West","isMajor":true},"geometry":{"type":"Point","coordinates":[135.29945,34.41097]}},{"type":"Feature","properties":{"name":"日根野","symbol":"JR","color":"#333333","operator":"JR West","isMajor":true},"geometry":{"type":"Point","coordinates":[135.33129,34.39073]}},{"type":"Feature","properties":{"name":"JR難波","symbol":"JR","color":"#333333","operator":"JR West","isMajor":false},"geometry":{"type":"Point","coordinates":[135.49529,34.66637]}},{"type":"Feature","properties":{"name":"今宮","symbol":"JR","color":"#333333","operator":"JR West","isMajor":false},"geometry":{"type":"Point","coordinates":[135.49262,34.65415]}},{"type":"Feature","properties":{"name":"新今宮","symbol":"JR","color":"#333333","operator":"JR West","isMajor":true},"geometry":{"type":"Point","coordinates":[135.50179,34.64991]}},{"type":"Feature","properties":{"name":"天王寺","symbol":"JR","color":"#333333","operator":"JR West","isMajor":true},"geometry":{"type":"Point","coordinates":[135.51562,34.64675]}},{"type":"Feature","properties":{"name":"王寺","symbol":"JR","color":"#333333","operator":"JR West","isMajor":true},"geometry":{"type":"Point","coordinates":[135.70378,34.59747]}},{"type":"Feature","properties":{"name":"三郷","symbol":"JR","color":"#333333","operator":"JR West","isMajor":false},"geometry":{"type":"Point","coordinates":[135.68753,34.58888]}},{"type":"Feature","properties":{"name":"久宝寺","symbol":"JR","color":"#333333","operator":"JR West","isMajor":false},"geometry":{"type":"Point","coordinates":[135.58443,34.62234]}},{"type":"Feature","properties":{"name":"柏原","symbol":"JR","color":"#333333","operator":"JR West","isMajor":false},"geometry":{"type":"Point","coordinates":[135.62286,34.58738]}},{"type":"Feature","properties":{"name":"東部市場前","symbol":"JR","color":"#333333","operator":"JR West","isMajor":false},"geometry":{"type":"Point","coordinates":[135.53768,34.63809]}},{"type":"Feature","properties":{"name":"八尾","symbol":"JR","color":"#333333","operator":"JR West","isMajor":false},"geometry":{"type":"Point","coordinates":[135.59701,34.61726]}},{"type":"Feature","properties":{"name":"河内堅上","symbol":"JR","color":"#333333","operator":"JR West","isMajor":false},"geometry":{"type":"Point","coordinates":[135.66318,34.57436]}},{"type":"Feature","properties":{"name":"加美","symbol":"JR","color":"#333333","operator":"JR West","isMajor":false},"geometry":{"type":"Point","coordinates":[135.56675,34.62688]}},{"type":"Feature","properties":{"name":"志紀","symbol":"JR","color":"#333333","operator":"JR West","isMajor":false},"geometry":{"type":"Point","coordinates":[135.61591,34.60033]}},{"type":"Feature","properties":{"name":"高井田","symbol":"JR","color":"#333333","operator":"JR West","isMajor":false},"geometry":{"type":"Point","coordinates":[135.63903,34.57144]}},{"type":"Feature","properties":{"name":"平野","symbol":"JR","color":"#333333","operator":"JR West","isMajor":false},"geometry":{"type":"Point","coordinates":[135.55103,34.63091]}},{"type":"Feature","properties":{"name":"長居","symbol":"JR","color":"#333333","operator":"JR West","isMajor":false},"geometry":{"type":"Point","coordinates":[135.51252,34.61052]}},{"type":"Feature","properties":{"name":"浅香","symbol":"JR","color":"#333333","operator":"JR West","isMajor":false},"geometry":{"type":"Point","coordinates":[135.5025,34.5854]}},{"type":"Feature","properties":{"name":"堺市","symbol":"JR","color":"#333333","operator":"JR West","isMajor":false},"geometry":{"type":"Point","coordinates":[135.49867,34.57762]}},{"type":"Feature","properties":{"name":"三国ヶ丘","symbol":"JR","color":"#333333","operator":"JR West","isMajor":true},"geometry":{"type":"Point","coordinates":[135.49277,34.5662]}},{"type":"Feature","properties":{"name":"我孫子町","symbol":"JR","color":"#333333","operator":"JR West","isMajor":false},"geometry":{"type":"Point","coordinates":[135.50704,34.60229]}},{"type":"Feature","properties":{"name":"美章園","symbol":"JR","color":"#333333","operator":"JR West","isMajor":false},"geometry":{"type":"Point","coordinates":[135.52378,34.63863]}},{"type":"Feature","properties":{"name":"南田辺","symbol":"JR","color":"#333333","operator":"JR West","isMajor":false},"geometry":{"type":"Point","coordinates":[135.52087,34.62556]}},{"type":"Feature","properties":{"name":"杉本町","symbol":"JR","color":"#333333","operator":"JR West","isMajor":false},"geometry":{"type":"Point","coordinates":[135.50302,34.59301]}},{"type":"Feature","properties":{"name":"鶴ヶ丘","symbol":"JR","color":"#333333","operator":"JR West","isMajor":false},"geometry":{"type":"Point","coordinates":[135.5171,34.61803]}},{"type":"Feature","properties":{"name":"津久野","symbol":"JR","color":"#333333","operator":"JR West","isMajor":false},"geometry":{"type":"Point","coordinates":[135.46825,34.54228]}},{"type":"Feature","properties":{"name":"北信太","symbol":"JR","color":"#333333","operator":"JR West","isMajor":false},"geometry":{"type":"Point","coordinates":[135.44144,34.51054]}},{"type":"Feature","properties":{"name":"和泉府中","symbol":"JR","color":"#333333","operator":"JR West","isMajor":false},"geometry":{"type":"Point","coordinates":[135.42387,34.48798]}},{"type":"Feature","properties":{"name":"上野芝","symbol":"JR","color":"#333333","operator":"JR West","isMajor":false},"geometry":{"type":"Point","coordinates":[135.47773,34.54918]}},{"type":"Feature","properties":{"name":"和泉橋本","symbol":"JR","color":"#333333","operator":"JR West","isMajor":false},"geometry":{"type":"Point","coordinates":[135.35883,34.4273]}},{"type":"Feature","properties":{"name":"東佐野","symbol":"JR","color":"#333333","operator":"JR West","isMajor":false},"geometry":{"type":"Point","coordinates":[135.35004,34.41664]}},{"type":"Feature","properties":{"name":"東貝塚","symbol":"JR","color":"#333333","operator":"JR West","isMajor":false},"geometry":{"type":"Point","coordinates":[135.37304,34.44005]}},{"type":"Feature","properties":{"name":"下松","symbol":"JR","color":"#333333","operator":"JR West","isMajor":false},"geometry":{"type":"Point","coordinates":[135.39693,34.45743]}},{"type":"Feature","properties":{"name":"信太山","symbol":"JR","color":"#333333","operator":"JR West","isMajor":false},"geometry":{"type":"Point","coordinates":[135.43297,34.50026]}},{"type":"Feature","properties":{"name":"長滝","symbol":"JR","color":"#333333","operator":"JR West","isMajor":false},"geometry":{"type":"Point","coordinates":[135.32007,34.38193]}},{"type":"Feature","properties":{"name":"鳳","symbol":"JR","color":"#333333","operator":"JR West","isMajor":false},"geometry":{"type":"Point","coordinates":[135.45896,34.53199]}},{"type":"Feature","properties":{"name":"百舌鳥","symbol":"JR","color":"#333333","operator":"JR West","isMajor":false},"geometry":{"type":"Point","coordinates":[135.48914,34.55854]}},{"type":"Feature","properties":{"name":"東羽衣","symbol":"JR","color":"#333333","operator":"JR West","isMajor":false},"geometry":{"type":"Point","coordinates":[135.4428,34.53501]}},{"type":"Feature","properties":{"name":"久米田","symbol":"JR","color":"#333333","operator":"JR West","isMajor":false},"geometry":{"type":"Point","coordinates":[135.4055,34.46569]}},{"type":"Feature","properties":{"name":"熊取","symbol":"JR","color":"#333333","operator":"JR West","isMajor":true},"geometry":{"type":"Point","coordinates":[135.34122,34.40629]}},{"type":"Feature","properties":{"name":"東岸和田","symbol":"JR","color":"#333333","operator":"JR West","isMajor":false},"geometry":{"type":"Point","coordinates":[135.38583,34.44933]}},{"type":"Feature","properties":{"name":"富木","symbol":"JR","color":"#333333","operator":"JR West","isMajor":false},"geometry":{"type":"Point","coordinates":[135.45122,34.52252]}},{"type":"Feature","properties":{"name":"新家","symbol":"JR","color":"#333333","operator":"JR West","isMajor":false},"geometry":{"type":"Point","coordinates":[135.29912,34.37236]}},{"type":"Feature","properties":{"name":"西九条","symbol":"JR","color":"#333333","operator":"JR West","isMajor":false},"geometry":{"type":"Point","coordinates":[135.46693,34.68277]}},{"type":"Feature","properties":{"name":"ユニバーサルシティ","symbol":"JR","color":"#333333","operator":"JR West","isMajor":true},"geometry":{"type":"Point","coordinates":[135.43856,34.66784]}},{"type":"Feature","properties":{"name":"桜島","symbol":"JR","color":"#333333","operator":"JR West","isMajor":true},"geometry":{"type":"Point","coordinates":[135.43238,34.66214]}},{"type":"Feature","properties":{"name":"安治川口","symbol":"JR","color":"#333333","operator":"JR West","isMajor":false},"geometry":{"type":"Point","coordinates":[135.44387,34.67338]}},{"type":"Feature","properties":{"name":"桜ノ宮","symbol":"JR","color":"#333333","operator":"JR West","isMajor":false},"geometry":{"type":"Point","coordinates":[135.52103,34.70505]}},{"type":"Feature","properties":{"name":"大正","symbol":"JR","color":"#333333","operator":"JR West","isMajor":true},"geometry":{"type":"Point","coordinates":[135.48,34.66552]}},{"type":"Feature","properties":{"name":"玉造","symbol":"JR","color":"#333333","operator":"JR West","isMajor":false},"geometry":{"type":"Point","coordinates":[135.53287,34.67352]}},{"type":"Feature","properties":{"name":"芦原橋","symbol":"JR","color":"#333333","operator":"JR West","isMajor":false},"geometry":{"type":"Point","coordinates":[135.48919,34.65858]}},{"type":"Feature","properties":{"name":"野田","symbol":"JR","color":"#333333","operator":"JR West","isMajor":true},"geometry":{"type":"Point","coordinates":[135.47493,34.68894]}},{"type":"Feature","properties":{"name":"鶴橋","symbol":"JR","color":"#333333","operator":"JR West","isMajor":true},"geometry":{"type":"Point","coordinates":[135.53028,34.66546]}},{"type":"Feature","properties":{"name":"弁天町","symbol":"JR","color":"#333333","operator":"JR West","isMajor":true},"geometry":{"type":"Point","coordinates":[135.46195,34.67007]}},{"type":"Feature","properties":{"name":"大阪城公園","symbol":"JR","color":"#333333","operator":"JR West","isMajor":false},"geometry":{"type":"Point","coordinates":[135.5344,34.68791]}},{"type":"Feature","properties":{"name":"福島","symbol":"JR","color":"#333333","operator":"JR West","isMajor":true},"geometry":{"type":"Point","coordinates":[135.48658,34.69718]}},{"type":"Feature","properties":{"name":"天満","symbol":"JR","color":"#333333","operator":"JR West","isMajor":true},"geometry":{"type":"Point","coordinates":[135.51237,34.70494]}},{"type":"Feature","properties":{"name":"大阪","symbol":"JR","color":"#333333","operator":"JR West","isMajor":true},"geometry":{"type":"Point","coordinates":[135.49627,34.70238]}},{"type":"Feature","properties":{"name":"森ノ宮","symbol":"JR","color":"#333333","operator":"JR West","isMajor":true},"geometry":{"type":"Point","coordinates":[135.53402,34.68046]}},{"type":"Feature","properties":{"name":"桃谷","symbol":"JR","color":"#333333","operator":"JR West","isMajor":false},"geometry":{"type":"Point","coordinates":[135.528,34.65853]}},{"type":"Feature","properties":{"name":"寺田町","symbol":"JR","color":"#333333","operator":"JR West","isMajor":false},"geometry":{"type":"Point","coordinates":[135.5236,34.64794]}},{"type":"Feature","properties":{"name":"高槻","symbol":"JR","color":"#333333","operator":"JR West","isMajor":false},"geometry":{"type":"Point","coordinates":[135.61711,34.85125]}},{"type":"Feature","properties":{"name":"摂津富田","symbol":"JR","color":"#333333","operator":"JR West","isMajor":false},"geometry":{"type":"Point","coordinates":[135.59333,34.83768]}},{"type":"Feature","properties":{"name":"千里丘","symbol":"JR","color":"#333333","operator":"JR West","isMajor":false},"geometry":{"type":"Point","coordinates":[135.55142,34.79144]}},{"type":"Feature","properties":{"name":"新大阪","symbol":"JR","color":"#333333","operator":"JR West","isMajor":true},"geometry":{"type":"Point","coordinates":[135.502,34.7339]}},{"type":"Feature","properties":{"name":"吹田","symbol":"JR","color":"#333333","operator":"JR West","isMajor":false},"geometry":{"type":"Point","coordinates":[135.52377,34.76322]}},{"type":"Feature","properties":{"name":"東淀川","symbol":"JR","color":"#333333","operator":"JR West","isMajor":false},"geometry":{"type":"Point","coordinates":[135.504,34.73921]}},{"type":"Feature","properties":{"name":"岸辺","symbol":"JR","color":"#333333","operator":"JR West","isMajor":false},"geometry":{"type":"Point","coordinates":[135.54133,34.77694]}},{"type":"Feature","properties":{"name":"塚本","symbol":"JR","color":"#333333","operator":"JR West","isMajor":false},"geometry":{"type":"Point","coordinates":[135.46889,34.71273]}},{"type":"Feature","properties":{"name":"茨木","symbol":"JR","color":"#333333","operator":"JR West","isMajor":false},"geometry":{"type":"Point","coordinates":[135.56207,34.81508]}},{"type":"Feature","properties":{"name":"摂津本山","symbol":"JR","color":"#333333","operator":"JR West","isMajor":false},"geometry":{"type":"Point","coordinates":[135.27757,34.72681]}},{"type":"Feature","properties":{"name":"西宮","symbol":"JR","color":"#333333","operator":"JR West","isMajor":false},"geometry":{"type":"Point","coordinates":[135.34878,34.73901]}},{"type":"Feature","properties":{"name":"住吉","symbol":"JR","color":"#333333","operator":"JR West","isMajor":false},"geometry":{"type":"Point","coordinates":[135.26262,34.71974]}},{"type":"Feature","properties":{"name":"甲南山手","symbol":"JR","color":"#333333","operator":"JR West","isMajor":false},"geometry":{"type":"Point","coordinates":[135.2926,34.73064]}},{"type":"Feature","properties":{"name":"立花","symbol":"JR","color":"#333333","operator":"JR West","isMajor":false},"geometry":{"type":"Point","coordinates":[135.3996,34.73789]}},{"type":"Feature","properties":{"name":"芦屋","symbol":"JR","color":"#333333","operator":"JR West","isMajor":false},"geometry":{"type":"Point","coordinates":[135.3074,34.73426]}},{"type":"Feature","properties":{"name":"甲子園口","symbol":"JR","color":"#333333","operator":"JR West","isMajor":false},"geometry":{"type":"Point","coordinates":[135.37439,34.73906]}},{"type":"Feature","properties":{"name":"六甲道","symbol":"JR","color":"#333333","operator":"JR West","isMajor":false},"geometry":{"type":"Point","coordinates":[135.23841,34.71481]}},{"type":"Feature","properties":{"name":"灘","symbol":"JR","color":"#333333","operator":"JR West","isMajor":false},"geometry":{"type":"Point","coordinates":[135.21655,34.70588]}},{"type":"Feature","properties":{"name":"北伊丹","symbol":"JR","color":"#333333","operator":"JR West","isMajor":false},"geometry":{"type":"Point","coordinates":[135.41949,34.80115]}},{"type":"Feature","properties":{"name":"猪名寺","symbol":"JR","color":"#333333","operator":"JR West","isMajor":false},"geometry":{"type":"Point","coordinates":[135.42262,34.764]}},{"type":"Feature","properties":{"name":"西宮名塩","symbol":"JR","color":"#333333","operator":"JR West","isMajor":false},"geometry":{"type":"Point","coordinates":[135.30888,34.82723]}},{"type":"Feature","properties":{"name":"中山寺","symbol":"JR","color":"#333333","operator":"JR West","isMajor":false},"geometry":{"type":"Point","coordinates":[135.37401,34.8166]}},{"type":"Feature","properties":{"name":"生瀬","symbol":"JR","color":"#333333","operator":"JR West","isMajor":false},"geometry":{"type":"Point","coordinates":[135.32533,34.81934]}},{"type":"Feature","properties":{"name":"伊丹","symbol":"JR","color":"#333333","operator":"JR West","isMajor":true},"geometry":{"type":"Point","coordinates":[135.42178,34.78061]}},{"type":"Feature","properties":{"name":"宝塚","symbol":"JR","color":"#333333","operator":"JR West","isMajor":true},"geometry":{"type":"Point","coordinates":[135.34085,34.81136]}},{"type":"Feature","properties":{"name":"武田尾","symbol":"JR","color":"#333333","operator":"JR West","isMajor":false},"geometry":{"type":"Point","coordinates":[135.30572,34.85551]}},{"type":"Feature","properties":{"name":"川西池田","symbol":"JR","color":"#333333","operator":"JR West","isMajor":true},"geometry":{"type":"Point","coordinates":[135.40981,34.82489]}},{"type":"Feature","properties":{"name":"塚口","symbol":"JR","color":"#333333","operator":"JR West","isMajor":false},"geometry":{"type":"Point","coordinates":[135.42512,34.75083]}},{"type":"Feature","properties":{"name":"寝屋川公園","symbol":"JR","color":"#333333","operator":"JR West","isMajor":false},"geometry":{"type":"Point","coordinates":[135.65335,34.75551]}},{"type":"Feature","properties":{"name":"住道","symbol":"JR","color":"#333333","operator":"JR West","isMajor":false},"geometry":{"type":"Point","coordinates":[135.62168,34.70629]}},{"type":"Feature","properties":{"name":"野崎","symbol":"JR","color":"#333333","operator":"JR West","isMajor":false},"geometry":{"type":"Point","coordinates":[135.63703,34.71846]}},{"type":"Feature","properties":{"name":"星田","symbol":"JR","color":"#333333","operator":"JR West","isMajor":false},"geometry":{"type":"Point","coordinates":[135.66345,34.76735]}},{"type":"Feature","properties":{"name":"藤阪","symbol":"JR","color":"#333333","operator":"JR West","isMajor":false},"geometry":{"type":"Point","coordinates":[135.70275,34.81444]}},{"type":"Feature","properties":{"name":"津田","symbol":"JR","color":"#333333","operator":"JR West","isMajor":false},"geometry":{"type":"Point","coordinates":[135.69797,34.80141]}},{"type":"Feature","properties":{"name":"長尾","symbol":"JR","color":"#333333","operator":"JR West","isMajor":false},"geometry":{"type":"Point","coordinates":[135.71303,34.82595]}},{"type":"Feature","properties":{"name":"松井山手","symbol":"JR","color":"#333333","operator":"JR West","isMajor":false},"geometry":{"type":"Point","coordinates":[135.72757,34.83319]}},{"type":"Feature","properties":{"name":"四条畷","symbol":"JR","color":"#333333","operator":"JR West","isMajor":false},"geometry":{"type":"Point","coordinates":[135.63925,34.7304]}},{"type":"Feature","properties":{"name":"鴻池新田","symbol":"JR","color":"#333333","operator":"JR West","isMajor":false},"geometry":{"type":"Point","coordinates":[135.59765,34.69886]}},{"type":"Feature","properties":{"name":"河内磐船","symbol":"JR","color":"#333333","operator":"JR West","isMajor":false},"geometry":{"type":"Point","coordinates":[135.68465,34.77652]}},{"type":"Feature","properties":{"name":"徳庵","symbol":"JR","color":"#333333","operator":"JR West","isMajor":false},"geometry":{"type":"Point","coordinates":[135.58142,34.69249]}},{"type":"Feature","properties":{"name":"忍ヶ丘","symbol":"JR","color":"#333333","operator":"JR West","isMajor":false},"geometry":{"type":"Point","coordinates":[135.64515,34.74564]}},{"type":"Feature","properties":{"name":"放出","symbol":"JR","color":"#333333","operator":"JR West","isMajor":false},"geometry":{"type":"Point","coordinates":[135.56314,34.688]}},{"type":"Feature","properties":{"name":"鴫野","symbol":"JR","color":"#333333","operator":"JR West","isMajor":false},"geometry":{"type":"Point","coordinates":[135.545,34.69283]}},{"type":"Feature","properties":{"name":"畠田","symbol":"JR","color":"#333333","operator":"JR West","isMajor":false},"geometry":{"type":"Point","coordinates":[135.70363,34.57776]}},{"type":"Feature","properties":{"name":"志都美","symbol":"JR","color":"#333333","operator":"JR West","isMajor":false},"geometry":{"type":"Point","coordinates":[135.70196,34.56204]}},{"type":"Feature","properties":{"name":"JR五位堂","symbol":"JR","color":"#333333","operator":"JR West","isMajor":false},"geometry":{"type":"Point","coordinates":[135.71885,34.5273]}},{"type":"Feature","properties":{"name":"香芝","symbol":"JR","color":"#333333","operator":"JR West","isMajor":false},"geometry":{"type":"Point","coordinates":[135.70532,34.54377]}},{"type":"Feature","properties":{"name":"北宇智","symbol":"JR","color":"#333333","operator":"JR West","isMajor":false},"geometry":{"type":"Point","coordinates":[135.71447,34.38229]}},{"type":"Feature","properties":{"name":"公園東口","symbol":"大阪","color":"#666666","operator":"大阪モノレール","isMajor":false},"geometry":{"type":"Point","coordinates":[135.5396,34.81059]}},{"type":"Feature","properties":{"name":"阪大病院前","symbol":"大阪","color":"#666666","operator":"大阪モノレール","isMajor":false},"geometry":{"type":"Point","coordinates":[135.52974,34.81845]}},{"type":"Feature","properties":{"name":"万博記念公園","symbol":"大阪","color":"#666666","operator":"大阪モノレール","isMajor":false},"geometry":{"type":"Point","coordinates":[135.53016,34.80678]}},{"type":"Feature","properties":{"name":"南茨木","symbol":"大阪","color":"#666666","operator":"大阪モノレール","isMajor":false},"geometry":{"type":"Point","coordinates":[135.56476,34.8032]}},{"type":"Feature","properties":{"name":"門真市","symbol":"大阪","color":"#666666","operator":"大阪モノレール","isMajor":false},"geometry":{"type":"Point","coordinates":[135.58261,34.73731]}},{"type":"Feature","properties":{"name":"沢良宜","symbol":"大阪","color":"#666666","operator":"大阪モノレール","isMajor":false},"geometry":{"type":"Point","coordinates":[135.56596,34.79402]}},{"type":"Feature","properties":{"name":"大日","symbol":"大阪","color":"#666666","operator":"大阪モノレール","isMajor":false},"geometry":{"type":"Point","coordinates":[135.57894,34.74894]}},{"type":"Feature","properties":{"name":"南摂津","symbol":"大阪","color":"#666666","operator":"大阪モノレール","isMajor":false},"geometry":{"type":"Point","coordinates":[135.56876,34.76509]}},{"type":"Feature","properties":{"name":"少路","symbol":"大阪","color":"#666666","operator":"大阪モノレール","isMajor":false},"geometry":{"type":"Point","coordinates":[135.47534,34.80427]}},{"type":"Feature","properties":{"name":"山田","symbol":"大阪","color":"#666666","operator":"大阪モノレール","isMajor":false},"geometry":{"type":"Point","coordinates":[135.51555,34.80564]}},{"type":"Feature","properties":{"name":"摂津","symbol":"大阪","color":"#666666","operator":"大阪モノレール","isMajor":false},"geometry":{"type":"Point","coordinates":[135.56142,34.78003]}},{"type":"Feature","properties":{"name":"柴原阪大前","symbol":"大阪","color":"#666666","operator":"大阪モノレール","isMajor":false},"geometry":{"type":"Point","coordinates":[135.45869,34.80033]}},{"type":"Feature","properties":{"name":"宇野辺","symbol":"大阪","color":"#666666","operator":"大阪モノレール","isMajor":false},"geometry":{"type":"Point","coordinates":[135.55448,34.80804]}},{"type":"Feature","properties":{"name":"千里中央","symbol":"大阪","color":"#666666","operator":"大阪モノレール","isMajor":false},"geometry":{"type":"Point","coordinates":[135.49519,34.80746]}},{"type":"Feature","properties":{"name":"蛍池","symbol":"大阪","color":"#666666","operator":"大阪モノレール","isMajor":false},"geometry":{"type":"Point","coordinates":[135.44941,34.79402]}},{"type":"Feature","properties":{"name":"大阪空港","symbol":"大阪","color":"#666666","operator":"大阪モノレール","isMajor":false},"geometry":{"type":"Point","coordinates":[135.44212,34.79121]}},{"type":"Feature","properties":{"name":"江坂","symbol":"M","color":"#E5171F","operator":"Osaka Metro","isMajor":false},"geometry":{"type":"Point","coordinates":[135.4971,34.75875]}},{"type":"Feature","properties":{"name":"中津","symbol":"M","color":"#E5171F","operator":"Osaka Metro","isMajor":false},"geometry":{"type":"Point","coordinates":[135.49707,34.71129]}},{"type":"Feature","properties":{"name":"心斎橋","symbol":"M","color":"#E5171F","operator":"Osaka Metro","isMajor":true},"geometry":{"type":"Point","coordinates":[135.50034,34.6744]}},{"type":"Feature","properties":{"name":"難波","symbol":"M","color":"#E5171F","operator":"Osaka Metro","isMajor":true},"geometry":{"type":"Point","coordinates":[135.50021,34.66594]}},{"type":"Feature","properties":{"name":"西中島南方","symbol":"M","color":"#E5171F","operator":"Osaka Metro","isMajor":true},"geometry":{"type":"Point","coordinates":[135.49861,34.72655]}},{"type":"Feature","properties":{"name":"新大阪","symbol":"M","color":"#E5171F","operator":"Osaka Metro","isMajor":true},"geometry":{"type":"Point","coordinates":[135.49854,34.73279]}},{"type":"Feature","properties":{"name":"本町","symbol":"M","color":"#E5171F","operator":"Osaka Metro","isMajor":true},"geometry":{"type":"Point","coordinates":[135.50068,34.68358]}},{"type":"Feature","properties":{"name":"淀屋橋","symbol":"M","color":"#E5171F","operator":"Osaka Metro","isMajor":true},"geometry":{"type":"Point","coordinates":[135.50095,34.69131]}},{"type":"Feature","properties":{"name":"梅田","symbol":"M","color":"#E5171F","operator":"Osaka Metro","isMajor":true},"geometry":{"type":"Point","coordinates":[135.49768,34.70313]}},{"type":"Feature","properties":{"name":"東三国","symbol":"M","color":"#E5171F","operator":"Osaka Metro","isMajor":false},"geometry":{"type":"Point","coordinates":[135.4985,34.7411]}},{"type":"Feature","properties":{"name":"大国町","symbol":"M","color":"#E5171F","operator":"Osaka Metro","isMajor":false},"geometry":{"type":"Point","coordinates":[135.49786,34.6563]}},{"type":"Feature","properties":{"name":"長居","symbol":"M","color":"#E5171F","operator":"Osaka Metro","isMajor":false},"geometry":{"type":"Point","coordinates":[135.51381,34.61]}},{"type":"Feature","properties":{"name":"北花田","symbol":"M","color":"#E5171F","operator":"Osaka Metro","isMajor":false},"geometry":{"type":"Point","coordinates":[135.51639,34.5825]}},{"type":"Feature","properties":{"name":"動物園前","symbol":"M","color":"#E5171F","operator":"Osaka Metro","isMajor":true},"geometry":{"type":"Point","coordinates":[135.50478,34.64873]}},{"type":"Feature","properties":{"name":"新金岡","symbol":"M","color":"#E5171F","operator":"Osaka Metro","isMajor":false},"geometry":{"type":"Point","coordinates":[135.51527,34.5682]}},{"type":"Feature","properties":{"name":"西田辺","symbol":"M","color":"#E5171F","operator":"Osaka Metro","isMajor":false},"geometry":{"type":"Point","coordinates":[135.51518,34.62165]}},{"type":"Feature","properties":{"name":"我孫子","symbol":"M","color":"#E5171F","operator":"Osaka Metro","isMajor":false},"geometry":{"type":"Point","coordinates":[135.51279,34.59902]}},{"type":"Feature","properties":{"name":"昭和町","symbol":"M","color":"#E5171F","operator":"Osaka Metro","isMajor":false},"geometry":{"type":"Point","coordinates":[135.51689,34.63298]}},{"type":"Feature","properties":{"name":"中百舌鳥","symbol":"M","color":"#E5171F","operator":"Osaka Metro","isMajor":true},"geometry":{"type":"Point","coordinates":[135.50631,34.55639]}},{"type":"Feature","properties":{"name":"天王寺","symbol":"M","color":"#E5171F","operator":"Osaka Metro","isMajor":true},"geometry":{"type":"Point","coordinates":[135.51452,34.64626]}},{"type":"Feature","properties":{"name":"守口","symbol":"T","color":"#522886","operator":"Osaka Metro","isMajor":false},"geometry":{"type":"Point","coordinates":[135.56435,34.73844]}},{"type":"Feature","properties":{"name":"大日","symbol":"T","color":"#522886","operator":"Osaka Metro","isMajor":false},"geometry":{"type":"Point","coordinates":[135.57832,34.74949]}},{"type":"Feature","properties":{"name":"関目高殿","symbol":"T","color":"#522886","operator":"Osaka Metro","isMajor":false},"geometry":{"type":"Point","coordinates":[135.54565,34.71527]}},{"type":"Feature","properties":{"name":"中崎町","symbol":"T","color":"#522886","operator":"Osaka Metro","isMajor":true},"geometry":{"type":"Point","coordinates":[135.50556,34.70718]}},{"type":"Feature","properties":{"name":"天満橋","symbol":"T","color":"#522886","operator":"Osaka Metro","isMajor":true},"geometry":{"type":"Point","coordinates":[135.51731,34.68918]}},{"type":"Feature","properties":{"name":"南森町","symbol":"T","color":"#522886","operator":"Osaka Metro","isMajor":false},"geometry":{"type":"Point","coordinates":[135.51089,34.69758]}},{"type":"Feature","properties":{"name":"野江内代","symbol":"T","color":"#522886","operator":"Osaka Metro","isMajor":false},"geometry":{"type":"Point","coordinates":[135.53792,34.70889]}},{"type":"Feature","properties":{"name":"都島","symbol":"T","color":"#522886","operator":"Osaka Metro","isMajor":false},"geometry":{"type":"Point","coordinates":[135.52593,34.70894]}},{"type":"Feature","properties":{"name":"谷町四丁目","symbol":"T","color":"#522886","operator":"Osaka Metro","isMajor":true},"geometry":{"type":"Point","coordinates":[135.5173,34.68193]}},{"type":"Feature","properties":{"name":"天神橋筋六丁目","symbol":"T","color":"#522886","operator":"Osaka Metro","isMajor":false},"geometry":{"type":"Point","coordinates":[135.51141,34.71072]}},{"type":"Feature","properties":{"name":"千林大宮","symbol":"T","color":"#522886","operator":"Osaka Metro","isMajor":false},"geometry":{"type":"Point","coordinates":[135.54926,34.72423]}},{"type":"Feature","properties":{"name":"谷町九丁目","symbol":"T","color":"#522886","operator":"Osaka Metro","isMajor":true},"geometry":{"type":"Point","coordinates":[135.51576,34.66675]}},{"type":"Feature","properties":{"name":"太子橋今市","symbol":"T","color":"#522886","operator":"Osaka Metro","isMajor":false},"geometry":{"type":"Point","coordinates":[135.55458,34.73114]}},{"type":"Feature","properties":{"name":"谷町六丁目","symbol":"T","color":"#522886","operator":"Osaka Metro","isMajor":false},"geometry":{"type":"Point","coordinates":[135.51707,34.67521]}},{"type":"Feature","properties":{"name":"東梅田","symbol":"T","color":"#522886","operator":"Osaka Metro","isMajor":true},"geometry":{"type":"Point","coordinates":[135.49982,34.70056]}},{"type":"Feature","properties":{"name":"阿倍野","symbol":"T","color":"#522886","operator":"Osaka Metro","isMajor":false},"geometry":{"type":"Point","coordinates":[135.5121,34.64277]}},{"type":"Feature","properties":{"name":"出戸","symbol":"T","color":"#522886","operator":"Osaka Metro","isMajor":false},"geometry":{"type":"Point","coordinates":[135.56544,34.60903]}},{"type":"Feature","properties":{"name":"文の里","symbol":"T","color":"#522886","operator":"Osaka Metro","isMajor":false},"geometry":{"type":"Point","coordinates":[135.51829,34.63583]}},{"type":"Feature","properties":{"name":"天王寺","symbol":"T","color":"#522886","operator":"Osaka Metro","isMajor":true},"geometry":{"type":"Point","coordinates":[135.51341,34.64858]}},{"type":"Feature","properties":{"name":"平野","symbol":"T","color":"#522886","operator":"Osaka Metro","isMajor":false},"geometry":{"type":"Point","coordinates":[135.54853,34.62118]}},{"type":"Feature","properties":{"name":"駒川中野","symbol":"T","color":"#522886","operator":"Osaka Metro","isMajor":false},"geometry":{"type":"Point","coordinates":[135.53275,34.62159]}},{"type":"Feature","properties":{"name":"田辺","symbol":"T","color":"#522886","operator":"Osaka Metro","isMajor":false},"geometry":{"type":"Point","coordinates":[135.52516,34.62864]}},{"type":"Feature","properties":{"name":"喜連瓜破","symbol":"T","color":"#522886","operator":"Osaka Metro","isMajor":false},"geometry":{"type":"Point","coordinates":[135.55209,34.60919]}},{"type":"Feature","properties":{"name":"八尾南","symbol":"T","color":"#522886","operator":"Osaka Metro","isMajor":false},"geometry":{"type":"Point","coordinates":[135.58278,34.59722]}},{"type":"Feature","properties":{"name":"長原","symbol":"T","color":"#522886","operator":"Osaka Metro","isMajor":false},"geometry":{"type":"Point","coordinates":[135.57376,34.60249]}},{"type":"Feature","properties":{"name":"四天王寺前夕陽ヶ丘","symbol":"T","color":"#522886","operator":"Osaka Metro","isMajor":false},"geometry":{"type":"Point","coordinates":[135.51419,34.65841]}},{"type":"Feature","properties":{"name":"西梅田","symbol":"Y","color":"#0078BA","operator":"Osaka Metro","isMajor":true},"geometry":{"type":"Point","coordinates":[135.49565,34.69944]}},{"type":"Feature","properties":{"name":"四ツ橋","symbol":"Y","color":"#0078BA","operator":"Osaka Metro","isMajor":true},"geometry":{"type":"Point","coordinates":[135.49674,34.67394]}},{"type":"Feature","properties":{"name":"本町","symbol":"Y","color":"#0078BA","operator":"Osaka Metro","isMajor":true},"geometry":{"type":"Point","coordinates":[135.4969,34.68275]}},{"type":"Feature","properties":{"name":"難波","symbol":"Y","color":"#0078BA","operator":"Osaka Metro","isMajor":true},"geometry":{"type":"Point","coordinates":[135.49745,34.66663]}},{"type":"Feature","properties":{"name":"肥後橋","symbol":"Y","color":"#0078BA","operator":"Osaka Metro","isMajor":true},"geometry":{"type":"Point","coordinates":[135.49637,34.69122]}},{"type":"Feature","properties":{"name":"花園町","symbol":"Y","color":"#0078BA","operator":"Osaka Metro","isMajor":false},"geometry":{"type":"Point","coordinates":[135.49655,34.64421]}},{"type":"Feature","properties":{"name":"大国町","symbol":"Y","color":"#0078BA","operator":"Osaka Metro","isMajor":false},"geometry":{"type":"Point","coordinates":[135.49786,34.6563]}},{"type":"Feature","properties":{"name":"岸里","symbol":"Y","color":"#0078BA","operator":"Osaka Metro","isMajor":false},"geometry":{"type":"Point","coordinates":[135.4938,34.6342]}},{"type":"Feature","properties":{"name":"玉出","symbol":"Y","color":"#0078BA","operator":"Osaka Metro","isMajor":false},"geometry":{"type":"Point","coordinates":[135.49049,34.62409]}},{"type":"Feature","properties":{"name":"北加賀屋","symbol":"Y","color":"#0078BA","operator":"Osaka Metro","isMajor":false},"geometry":{"type":"Point","coordinates":[135.47936,34.6213]}},{"type":"Feature","properties":{"name":"住之江公園","symbol":"Y","color":"#0078BA","operator":"Osaka Metro","isMajor":false},"geometry":{"type":"Point","coordinates":[135.47311,34.60886]}},{"type":"Feature","properties":{"name":"長田","symbol":"C","color":"#019A66","operator":"Osaka Metro","isMajor":false},"geometry":{"type":"Point","coordinates":[135.59196,34.67875]}},{"type":"Feature","properties":{"name":"高井田","symbol":"C","color":"#019A66","operator":"Osaka Metro","isMajor":false},"geometry":{"type":"Point","coordinates":[135.5722,34.67844]}},{"type":"Feature","properties":{"name":"緑橋","symbol":"C","color":"#019A66","operator":"Osaka Metro","isMajor":false},"geometry":{"type":"Point","coordinates":[135.54503,34.68072]}},{"type":"Feature","properties":{"name":"森ノ宮","symbol":"C","color":"#019A66","operator":"Osaka Metro","isMajor":true},"geometry":{"type":"Point","coordinates":[135.5323,34.68148]}},{"type":"Feature","properties":{"name":"堺筋本町","symbol":"C","color":"#019A66","operator":"Osaka Metro","isMajor":true},"geometry":{"type":"Point","coordinates":[135.50688,34.68188]}},{"type":"Feature","properties":{"name":"九条","symbol":"C","color":"#019A66","operator":"Osaka Metro","isMajor":false},"geometry":{"type":"Point","coordinates":[135.47358,34.67533]}},{"type":"Feature","properties":{"name":"弁天町","symbol":"C","color":"#019A66","operator":"Osaka Metro","isMajor":true},"geometry":{"type":"Point","coordinates":[135.46211,34.66845]}},{"type":"Feature","properties":{"name":"谷町四丁目","symbol":"C","color":"#019A66","operator":"Osaka Metro","isMajor":true},"geometry":{"type":"Point","coordinates":[135.51792,34.68142]}},{"type":"Feature","properties":{"name":"本町","symbol":"C","color":"#019A66","operator":"Osaka Metro","isMajor":true},"geometry":{"type":"Point","coordinates":[135.4991,34.68202]}},{"type":"Feature","properties":{"name":"阿波座","symbol":"C","color":"#019A66","operator":"Osaka Metro","isMajor":true},"geometry":{"type":"Point","coordinates":[135.48793,34.68135]}},{"type":"Feature","properties":{"name":"深江橋","symbol":"C","color":"#019A66","operator":"Osaka Metro","isMajor":false},"geometry":{"type":"Point","coordinates":[135.55706,34.67916]}},{"type":"Feature","properties":{"name":"朝潮橋","symbol":"C","color":"#019A66","operator":"Osaka Metro","isMajor":false},"geometry":{"type":"Point","coordinates":[135.44869,34.66077]}},{"type":"Feature","properties":{"name":"コスモスクエア","symbol":"C","color":"#019A66","operator":"Osaka Metro","isMajor":true},"geometry":{"type":"Point","coordinates":[135.41222,34.64257]}},{"type":"Feature","properties":{"name":"大阪港","symbol":"C","color":"#019A66","operator":"Osaka Metro","isMajor":false},"geometry":{"type":"Point","coordinates":[135.43428,34.65385]}},{"type":"Feature","properties":{"name":"西長堀","symbol":"S","color":"#E44D93","operator":"Osaka Metro","isMajor":false},"geometry":{"type":"Point","coordinates":[135.48701,34.67394]}},{"type":"Feature","properties":{"name":"小路","symbol":"S","color":"#E44D93","operator":"Osaka Metro","isMajor":false},"geometry":{"type":"Point","coordinates":[135.55627,34.66134]}},{"type":"Feature","properties":{"name":"日本橋","symbol":"S","color":"#E44D93","operator":"Osaka Metro","isMajor":true},"geometry":{"type":"Point","coordinates":[135.50635,34.66698]}},{"type":"Feature","properties":{"name":"今里","symbol":"S","color":"#E44D93","operator":"Osaka Metro","isMajor":false},"geometry":{"type":"Point","coordinates":[135.54354,34.66875]}},{"type":"Feature","properties":{"name":"玉川","symbol":"S","color":"#E44D93","operator":"Osaka Metro","isMajor":false},"geometry":{"type":"Point","coordinates":[135.47636,34.68933]}},{"type":"Feature","properties":{"name":"谷町九丁目","symbol":"S","color":"#E44D93","operator":"Osaka Metro","isMajor":true},"geometry":{"type":"Point","coordinates":[135.51655,34.66651]}},{"type":"Feature","properties":{"name":"阿波座","symbol":"S","color":"#E44D93","operator":"Osaka Metro","isMajor":true},"geometry":{"type":"Point","coordinates":[135.48622,34.68166]}},{"type":"Feature","properties":{"name":"桜川","symbol":"S","color":"#E44D93","operator":"Osaka Metro","isMajor":false},"geometry":{"type":"Point","coordinates":[135.4903,34.6683]}},{"type":"Feature","properties":{"name":"新深江","symbol":"S","color":"#E44D93","operator":"Osaka Metro","isMajor":false},"geometry":{"type":"Point","coordinates":[135.55421,34.66818]}},{"type":"Feature","properties":{"name":"鶴橋","symbol":"S","color":"#E44D93","operator":"Osaka Metro","isMajor":true},"geometry":{"type":"Point","coordinates":[135.52889,34.66598]}},{"type":"Feature","properties":{"name":"難波","symbol":"S","color":"#E44D93","operator":"Osaka Metro","isMajor":true},"geometry":{"type":"Point","coordinates":[135.49915,34.66725]}},{"type":"Feature","properties":{"name":"野田阪神","symbol":"S","color":"#E44D93","operator":"Osaka Metro","isMajor":true},"geometry":{"type":"Point","coordinates":[135.47487,34.69411]}},{"type":"Feature","properties":{"name":"北巽","symbol":"S","color":"#E44D93","operator":"Osaka Metro","isMajor":false},"geometry":{"type":"Point","coordinates":[135.555,34.65327]}},{"type":"Feature","properties":{"name":"南巽","symbol":"S","color":"#E44D93","operator":"Osaka Metro","isMajor":false},"geometry":{"type":"Point","coordinates":[135.55314,34.64274]}},{"type":"Feature","properties":{"name":"天神橋筋六丁目","symbol":"K","color":"#814721","operator":"Osaka Metro","isMajor":false},"geometry":{"type":"Point","coordinates":[135.51075,34.71019]}},{"type":"Feature","properties":{"name":"日本橋","symbol":"K","color":"#814721","operator":"Osaka Metro","isMajor":true},"geometry":{"type":"Point","coordinates":[135.50616,34.6667]}},{"type":"Feature","properties":{"name":"堺筋本町","symbol":"K","color":"#814721","operator":"Osaka Metro","isMajor":true},"geometry":{"type":"Point","coordinates":[135.50645,34.68234]}},{"type":"Feature","properties":{"name":"北浜","symbol":"K","color":"#814721","operator":"Osaka Metro","isMajor":true},"geometry":{"type":"Point","coordinates":[135.50661,34.69093]}},{"type":"Feature","properties":{"name":"長堀橋","symbol":"K","color":"#814721","operator":"Osaka Metro","isMajor":false},"geometry":{"type":"Point","coordinates":[135.50632,34.67487]}},{"type":"Feature","properties":{"name":"南森町","symbol":"K","color":"#814721","operator":"Osaka Metro","isMajor":false},"geometry":{"type":"Point","coordinates":[135.511,34.69782]}},{"type":"Feature","properties":{"name":"扇町","symbol":"K","color":"#814721","operator":"Osaka Metro","isMajor":true},"geometry":{"type":"Point","coordinates":[135.51085,34.70383]}},{"type":"Feature","properties":{"name":"動物園前","symbol":"K","color":"#814721","operator":"Osaka Metro","isMajor":true},"geometry":{"type":"Point","coordinates":[135.50338,34.64816]}},{"type":"Feature","properties":{"name":"天下茶屋","symbol":"K","color":"#814721","operator":"Osaka Metro","isMajor":false},"geometry":{"type":"Point","coordinates":[135.49698,34.63703]}},{"type":"Feature","properties":{"name":"恵美須町","symbol":"K","color":"#814721","operator":"Osaka Metro","isMajor":false},"geometry":{"type":"Point","coordinates":[135.5056,34.65545]}},{"type":"Feature","properties":{"name":"横堤","symbol":"N","color":"#A9CC51","operator":"Osaka Metro","isMajor":false},"geometry":{"type":"Point","coordinates":[135.57268,34.70354]}},{"type":"Feature","properties":{"name":"門真南","symbol":"N","color":"#A9CC51","operator":"Osaka Metro","isMajor":false},"geometry":{"type":"Point","coordinates":[135.59247,34.71675]}},{"type":"Feature","properties":{"name":"鶴見緑地","symbol":"N","color":"#A9CC51","operator":"Osaka Metro","isMajor":false},"geometry":{"type":"Point","coordinates":[135.58071,34.71097]}},{"type":"Feature","properties":{"name":"森ノ宮","symbol":"N","color":"#A9CC51","operator":"Osaka Metro","isMajor":true},"geometry":{"type":"Point","coordinates":[135.53338,34.68237]}},{"type":"Feature","properties":{"name":"心斎橋","symbol":"N","color":"#A9CC51","operator":"Osaka Metro","isMajor":true},"geometry":{"type":"Point","coordinates":[135.49908,34.67536]}},{"type":"Feature","properties":{"name":"長堀橋","symbol":"N","color":"#A9CC51","operator":"Osaka Metro","isMajor":false},"geometry":{"type":"Point","coordinates":[135.50643,34.6753]}},{"type":"Feature","properties":{"name":"今福鶴見","symbol":"N","color":"#A9CC51","operator":"Osaka Metro","isMajor":false},"geometry":{"type":"Point","coordinates":[135.56007,34.70202]}},{"type":"Feature","properties":{"name":"京橋","symbol":"N","color":"#A9CC51","operator":"Osaka Metro","isMajor":true},"geometry":{"type":"Point","coordinates":[135.53005,34.69706]}},{"type":"Feature","properties":{"name":"大阪ビジネスパーク","symbol":"N","color":"#A9CC51","operator":"Osaka Metro","isMajor":false},"geometry":{"type":"Point","coordinates":[135.52977,34.69187]}},{"type":"Feature","properties":{"name":"蒲生四丁目","symbol":"N","color":"#A9CC51","operator":"Osaka Metro","isMajor":false},"geometry":{"type":"Point","coordinates":[135.54775,34.70049]}},{"type":"Feature","properties":{"name":"谷町六丁目","symbol":"N","color":"#A9CC51","operator":"Osaka Metro","isMajor":false},"geometry":{"type":"Point","coordinates":[135.51802,34.67603]}},{"type":"Feature","properties":{"name":"玉造","symbol":"N","color":"#A9CC51","operator":"Osaka Metro","isMajor":false},"geometry":{"type":"Point","coordinates":[135.53013,34.67463]}},{"type":"Feature","properties":{"name":"大正","symbol":"N","color":"#A9CC51","operator":"Osaka Metro","isMajor":true},"geometry":{"type":"Point","coordinates":[135.47877,34.66584]}},{"type":"Feature","properties":{"name":"西大橋","symbol":"N","color":"#A9CC51","operator":"Osaka Metro","isMajor":false},"geometry":{"type":"Point","coordinates":[135.49372,34.67553]}},{"type":"Feature","properties":{"name":"松屋町","symbol":"N","color":"#A9CC51","operator":"Osaka Metro","isMajor":false},"geometry":{"type":"Point","coordinates":[135.51234,34.67547]}},{"type":"Feature","properties":{"name":"西長堀","symbol":"N","color":"#A9CC51","operator":"Osaka Metro","isMajor":false},"geometry":{"type":"Point","coordinates":[135.48696,34.67571]}},{"type":"Feature","properties":{"name":"ドーム前千代崎","symbol":"N","color":"#A9CC51","operator":"Osaka Metro","isMajor":false},"geometry":{"type":"Point","coordinates":[135.47935,34.67086]}},{"type":"Feature","properties":{"name":"コスモスクエア","symbol":"P","color":"#00A0DE","operator":"Osaka Metro","isMajor":true},"geometry":{"type":"Point","coordinates":[135.41222,34.64257]}},{"type":"Feature","properties":{"name":"トレードセンター前","symbol":"P","color":"#00A0DE","operator":"Osaka Metro","isMajor":false},"geometry":{"type":"Point","coordinates":[135.41184,34.63876]}},{"type":"Feature","properties":{"name":"南港東","symbol":"P","color":"#00A0DE","operator":"Osaka Metro","isMajor":false},"geometry":{"type":"Point","coordinates":[135.43832,34.6138]}},{"type":"Feature","properties":{"name":"ポートタウン東","symbol":"P","color":"#00A0DE","operator":"Osaka Metro","isMajor":false},"geometry":{"type":"Point","coordinates":[135.42903,34.63088]}},{"type":"Feature","properties":{"name":"中ふ頭","symbol":"P","color":"#00A0DE","operator":"Osaka Metro","isMajor":false},"geometry":{"type":"Point","coordinates":[135.41723,34.63393]}},{"type":"Feature","properties":{"name":"平林","symbol":"P","color":"#00A0DE","operator":"Osaka Metro","isMajor":false},"geometry":{"type":"Point","coordinates":[135.45855,34.6106]}},{"type":"Feature","properties":{"name":"住之江公園","symbol":"P","color":"#00A0DE","operator":"Osaka Metro","isMajor":false},"geometry":{"type":"Point","coordinates":[135.47206,34.60926]}},{"type":"Feature","properties":{"name":"フェリーターミナル","symbol":"P","color":"#00A0DE","operator":"Osaka Metro","isMajor":false},"geometry":{"type":"Point","coordinates":[135.43494,34.6193]}},{"type":"Feature","properties":{"name":"南港口","symbol":"P","color":"#00A0DE","operator":"Osaka Metro","isMajor":false},"geometry":{"type":"Point","coordinates":[135.44588,34.61382]}},{"type":"Feature","properties":{"name":"ポートタウン西","symbol":"P","color":"#00A0DE","operator":"Osaka Metro","isMajor":false},"geometry":{"type":"Point","coordinates":[135.42284,34.63088]}},{"type":"Feature","properties":{"name":"泉ケ丘","symbol":"泉北","color":"#666666","operator":"泉北高速鉄道","isMajor":false},"geometry":{"type":"Point","coordinates":[135.51141,34.49703]}},{"type":"Feature","properties":{"name":"中百舌鳥","symbol":"泉北","color":"#666666","operator":"泉北高速鉄道","isMajor":true},"geometry":{"type":"Point","coordinates":[135.50428,34.55624]}},{"type":"Feature","properties":{"name":"深井","symbol":"泉北","color":"#666666","operator":"泉北高速鉄道","isMajor":false},"geometry":{"type":"Point","coordinates":[135.49755,34.53035]}},{"type":"Feature","properties":{"name":"和泉中央","symbol":"泉北","color":"#666666","operator":"泉北高速鉄道","isMajor":false},"geometry":{"type":"Point","coordinates":[135.45672,34.46157]}},{"type":"Feature","properties":{"name":"光明池","symbol":"泉北","color":"#666666","operator":"泉北高速鉄道","isMajor":false},"geometry":{"type":"Point","coordinates":[135.47501,34.4744]}},{"type":"Feature","properties":{"name":"栂・美木多","symbol":"泉北","color":"#666666","operator":"泉北高速鉄道","isMajor":false},"geometry":{"type":"Point","coordinates":[135.49023,34.48505]}},{"type":"Feature","properties":{"name":"泉佐野","symbol":"南海","color":"#666666","operator":"南海電気鉄道","isMajor":false},"geometry":{"type":"Point","coordinates":[135.31738,34.41106]}},{"type":"Feature","properties":{"name":"関西空港","symbol":"南海","color":"#666666","operator":"南海電気鉄道","isMajor":true},"geometry":{"type":"Point","coordinates":[135.2432,34.4359]}},{"type":"Feature","properties":{"name":"りんくうタウン","symbol":"南海","color":"#666666","operator":"南海電気鉄道","isMajor":true},"geometry":{"type":"Point","coordinates":[135.29945,34.41097]}},{"type":"Feature","properties":{"name":"羽衣","symbol":"南海","color":"#666666","operator":"南海電気鉄道","isMajor":false},"geometry":{"type":"Point","coordinates":[135.44172,34.53431]}},{"type":"Feature","properties":{"name":"高師浜","symbol":"南海","color":"#666666","operator":"南海電気鉄道","isMajor":false},"geometry":{"type":"Point","coordinates":[135.43203,34.52734]}},{"type":"Feature","properties":{"name":"伽羅橋","symbol":"南海","color":"#666666","operator":"南海電気鉄道","isMajor":false},"geometry":{"type":"Point","coordinates":[135.43685,34.52873]}},{"type":"Feature","properties":{"name":"汐見橋","symbol":"南海","color":"#666666","operator":"南海電気鉄道","isMajor":false},"geometry":{"type":"Point","coordinates":[135.48622,34.66762]}},{"type":"Feature","properties":{"name":"芦原町","symbol":"南海","color":"#666666","operator":"南海電気鉄道","isMajor":false},"geometry":{"type":"Point","coordinates":[135.4863,34.66053]}},{"type":"Feature","properties":{"name":"河内長野","symbol":"南海","color":"#666666","operator":"南海電気鉄道","isMajor":true},"geometry":{"type":"Point","coordinates":[135.57315,34.45111]}},{"type":"Feature","properties":{"name":"中百舌鳥","symbol":"南海","color":"#666666","operator":"南海電気鉄道","isMajor":true},"geometry":{"type":"Point","coordinates":[135.50428,34.55624]}},{"type":"Feature","properties":{"name":"百舌鳥八幡","symbol":"南海","color":"#666666","operator":"南海電気鉄道","isMajor":false},"geometry":{"type":"Point","coordinates":[135.49833,34.56078]}},{"type":"Feature","properties":{"name":"大阪狭山市","symbol":"南海","color":"#666666","operator":"南海電気鉄道","isMajor":false},"geometry":{"type":"Point","coordinates":[135.55727,34.50475]}},{"type":"Feature","properties":{"name":"天見","symbol":"南海","color":"#666666","operator":"南海電気鉄道","isMajor":false},"geometry":{"type":"Point","coordinates":[135.59555,34.39763]}},{"type":"Feature","properties":{"name":"千早口","symbol":"南海","color":"#666666","operator":"南海電気鉄道","isMajor":false},"geometry":{"type":"Point","coordinates":[135.59013,34.41171]}},{"type":"Feature","properties":{"name":"三日市町","symbol":"南海","color":"#666666","operator":"南海電気鉄道","isMajor":false},"geometry":{"type":"Point","coordinates":[135.57134,34.43666]}},{"type":"Feature","properties":{"name":"沢ノ町","symbol":"南海","color":"#666666","operator":"南海電気鉄道","isMajor":false},"geometry":{"type":"Point","coordinates":[135.49687,34.60633]}},{"type":"Feature","properties":{"name":"岸里玉出","symbol":"南海","color":"#666666","operator":"南海電気鉄道","isMajor":false},"geometry":{"type":"Point","coordinates":[135.49613,34.62866]}},{"type":"Feature","properties":{"name":"萩原天神","symbol":"南海","color":"#666666","operator":"南海電気鉄道","isMajor":false},"geometry":{"type":"Point","coordinates":[135.53503,34.53708]}},{"type":"Feature","properties":{"name":"狭山","symbol":"南海","color":"#666666","operator":"南海電気鉄道","isMajor":false},"geometry":{"type":"Point","coordinates":[135.54818,34.51665]}},{"type":"Feature","properties":{"name":"美加の台","symbol":"南海","color":"#666666","operator":"南海電気鉄道","isMajor":false},"geometry":{"type":"Point","coordinates":[135.57702,34.42477]}},{"type":"Feature","properties":{"name":"我孫子前","symbol":"南海","color":"#666666","operator":"南海電気鉄道","isMajor":false},"geometry":{"type":"Point","coordinates":[135.49691,34.60002]}},{"type":"Feature","properties":{"name":"初芝","symbol":"南海","color":"#666666","operator":"南海電気鉄道","isMajor":false},"geometry":{"type":"Point","coordinates":[135.5265,34.54223]}},{"type":"Feature","properties":{"name":"千代田","symbol":"南海","color":"#666666","operator":"南海電気鉄道","isMajor":false},"geometry":{"type":"Point","coordinates":[135.56633,34.469]}},{"type":"Feature","properties":{"name":"滝谷","symbol":"南海","color":"#666666","operator":"南海電気鉄道","isMajor":false},"geometry":{"type":"Point","coordinates":[135.56212,34.47957]}},{"type":"Feature","properties":{"name":"三国ヶ丘","symbol":"南海","color":"#666666","operator":"南海電気鉄道","isMajor":true},"geometry":{"type":"Point","coordinates":[135.4925,34.56538]}},{"type":"Feature","properties":{"name":"金剛","symbol":"南海","color":"#666666","operator":"南海電気鉄道","isMajor":false},"geometry":{"type":"Point","coordinates":[135.55942,34.49524]}},{"type":"Feature","properties":{"name":"帝塚山","symbol":"南海","color":"#666666","operator":"南海電気鉄道","isMajor":false},"geometry":{"type":"Point","coordinates":[135.49835,34.62195]}},{"type":"Feature","properties":{"name":"北野田","symbol":"南海","color":"#666666","operator":"南海電気鉄道","isMajor":false},"geometry":{"type":"Point","coordinates":[135.54321,34.52293]}},{"type":"Feature","properties":{"name":"住吉東","symbol":"南海","color":"#666666","operator":"南海電気鉄道","isMajor":false},"geometry":{"type":"Point","coordinates":[135.49758,34.61337]}},{"type":"Feature","properties":{"name":"白鷺","symbol":"南海","color":"#666666","operator":"南海電気鉄道","isMajor":false},"geometry":{"type":"Point","coordinates":[135.51334,34.55011]}},{"type":"Feature","properties":{"name":"津守","symbol":"南海","color":"#666666","operator":"南海電気鉄道","isMajor":false},"geometry":{"type":"Point","coordinates":[135.48324,34.64709]}},{"type":"Feature","properties":{"name":"西天下茶屋","symbol":"南海","color":"#666666","operator":"南海電気鉄道","isMajor":false},"geometry":{"type":"Point","coordinates":[135.4892,34.63859]}},{"type":"Feature","properties":{"name":"堺東","symbol":"南海","color":"#666666","operator":"南海電気鉄道","isMajor":true},"geometry":{"type":"Point","coordinates":[135.48503,34.57586]}},{"type":"Feature","properties":{"name":"木津川","symbol":"南海","color":"#666666","operator":"南海電気鉄道","isMajor":false},"geometry":{"type":"Point","coordinates":[135.48309,34.65465]}},{"type":"Feature","properties":{"name":"浅香山","symbol":"南海","color":"#666666","operator":"南海電気鉄道","isMajor":false},"geometry":{"type":"Point","coordinates":[135.491,34.58943]}},{"type":"Feature","properties":{"name":"難波","symbol":"南海","color":"#666666","operator":"南海電気鉄道","isMajor":true},"geometry":{"type":"Point","coordinates":[135.50225,34.66315]}},{"type":"Feature","properties":{"name":"天下茶屋","symbol":"南海","color":"#666666","operator":"南海電気鉄道","isMajor":false},"geometry":{"type":"Point","coordinates":[135.49666,34.63712]}},{"type":"Feature","properties":{"name":"新今宮","symbol":"南海","color":"#666666","operator":"南海電気鉄道","isMajor":true},"geometry":{"type":"Point","coordinates":[135.50039,34.65065]}},{"type":"Feature","properties":{"name":"今宮戎","symbol":"南海","color":"#666666","operator":"南海電気鉄道","isMajor":false},"geometry":{"type":"Point","coordinates":[135.50151,34.65486]}},{"type":"Feature","properties":{"name":"萩ノ茶屋","symbol":"南海","color":"#666666","operator":"南海電気鉄道","isMajor":false},"geometry":{"type":"Point","coordinates":[135.49905,34.64559]}},{"type":"Feature","properties":{"name":"粉浜","symbol":"南海","color":"#666666","operator":"南海電気鉄道","isMajor":false},"geometry":{"type":"Point","coordinates":[135.49168,34.61809]}},{"type":"Feature","properties":{"name":"北助松","symbol":"南海","color":"#666666","operator":"南海電気鉄道","isMajor":false},"geometry":{"type":"Point","coordinates":[135.42276,34.51452]}},{"type":"Feature","properties":{"name":"住吉大社","symbol":"南海","color":"#666666","operator":"南海電気鉄道","isMajor":false},"geometry":{"type":"Point","coordinates":[135.4902,34.61258]}},{"type":"Feature","properties":{"name":"鶴原","symbol":"南海","color":"#666666","operator":"南海電気鉄道","isMajor":false},"geometry":{"type":"Point","coordinates":[135.33831,34.42642]}},{"type":"Feature","properties":{"name":"堺","symbol":"南海","color":"#666666","operator":"南海電気鉄道","isMajor":true},"geometry":{"type":"Point","coordinates":[135.46855,34.58171]}},{"type":"Feature","properties":{"name":"泉大津","symbol":"南海","color":"#666666","operator":"南海電気鉄道","isMajor":false},"geometry":{"type":"Point","coordinates":[135.40677,34.50336]}},{"type":"Feature","properties":{"name":"松ノ浜","symbol":"南海","color":"#666666","operator":"南海電気鉄道","isMajor":false},"geometry":{"type":"Point","coordinates":[135.41462,34.50886]}},{"type":"Feature","properties":{"name":"蛸地蔵","symbol":"南海","color":"#666666","operator":"南海電気鉄道","isMajor":false},"geometry":{"type":"Point","coordinates":[135.3704,34.45639]}},{"type":"Feature","properties":{"name":"岸和田","symbol":"南海","color":"#666666","operator":"南海電気鉄道","isMajor":false},"geometry":{"type":"Point","coordinates":[135.37813,34.46026]}},{"type":"Feature","properties":{"name":"住ノ江","symbol":"南海","color":"#666666","operator":"南海電気鉄道","isMajor":false},"geometry":{"type":"Point","coordinates":[135.48702,34.60528]}},{"type":"Feature","properties":{"name":"井原里","symbol":"南海","color":"#666666","operator":"南海電気鉄道","isMajor":false},"geometry":{"type":"Point","coordinates":[135.33048,34.41937]}},{"type":"Feature","properties":{"name":"樽井","symbol":"南海","color":"#666666","operator":"南海電気鉄道","isMajor":false},"geometry":{"type":"Point","coordinates":[135.26136,34.37417]}},{"type":"Feature","properties":{"name":"石津川","symbol":"南海","color":"#666666","operator":"南海電気鉄道","isMajor":false},"geometry":{"type":"Point","coordinates":[135.45326,34.55933]}},{"type":"Feature","properties":{"name":"二色浜","symbol":"南海","color":"#666666","operator":"南海電気鉄道","isMajor":false},"geometry":{"type":"Point","coordinates":[135.34476,34.43218]}},{"type":"Feature","properties":{"name":"岡田浦","symbol":"南海","color":"#666666","operator":"南海電気鉄道","isMajor":false},"geometry":{"type":"Point","coordinates":[135.27691,34.38452]}},{"type":"Feature","properties":{"name":"吉見ノ里","symbol":"南海","color":"#666666","operator":"南海電気鉄道","isMajor":false},"geometry":{"type":"Point","coordinates":[135.28988,34.3915]}},{"type":"Feature","properties":{"name":"七道","symbol":"南海","color":"#666666","operator":"南海電気鉄道","isMajor":false},"geometry":{"type":"Point","coordinates":[135.48051,34.59219]}},{"type":"Feature","properties":{"name":"忠岡","symbol":"南海","color":"#666666","operator":"南海電気鉄道","isMajor":false},"geometry":{"type":"Point","coordinates":[135.39777,34.48858]}},{"type":"Feature","properties":{"name":"貝塚","symbol":"南海","color":"#666666","operator":"南海電気鉄道","isMajor":false},"geometry":{"type":"Point","coordinates":[135.35735,34.4453]}},{"type":"Feature","properties":{"name":"諏訪ノ森","symbol":"南海","color":"#666666","operator":"南海電気鉄道","isMajor":false},"geometry":{"type":"Point","coordinates":[135.44918,34.55181]}},{"type":"Feature","properties":{"name":"湊","symbol":"南海","color":"#666666","operator":"南海電気鉄道","isMajor":false},"geometry":{"type":"Point","coordinates":[135.4601,34.57062]}},{"type":"Feature","properties":{"name":"春木","symbol":"南海","color":"#666666","operator":"南海電気鉄道","isMajor":false},"geometry":{"type":"Point","coordinates":[135.39215,34.47763]}},{"type":"Feature","properties":{"name":"浜寺公園","symbol":"南海","color":"#666666","operator":"南海電気鉄道","isMajor":false},"geometry":{"type":"Point","coordinates":[135.44469,34.54135]}},{"type":"Feature","properties":{"name":"羽倉崎","symbol":"南海","color":"#666666","operator":"南海電気鉄道","isMajor":false},"geometry":{"type":"Point","coordinates":[135.3001,34.39952]}},{"type":"Feature","properties":{"name":"高石","symbol":"南海","color":"#666666","operator":"南海電気鉄道","isMajor":false},"geometry":{"type":"Point","coordinates":[135.43282,34.52148]}},{"type":"Feature","properties":{"name":"和泉大宮","symbol":"南海","color":"#666666","operator":"南海電気鉄道","isMajor":false},"geometry":{"type":"Point","coordinates":[135.38502,34.46796]}},{"type":"Feature","properties":{"name":"緑地公園","symbol":"M","color":"#E5171F","operator":"北大阪急行","isMajor":false},"geometry":{"type":"Point","coordinates":[135.49528,34.77482]}},{"type":"Feature","properties":{"name":"桃山台","symbol":"M","color":"#E5171F","operator":"北大阪急行","isMajor":false},"geometry":{"type":"Point","coordinates":[135.49719,34.79329]}},{"type":"Feature","properties":{"name":"千里中央","symbol":"M","color":"#E5171F","operator":"北大阪急行","isMajor":false},"geometry":{"type":"Point","coordinates":[135.49518,34.81032]}},{"type":"Feature","properties":{"name":"さくら夙川","symbol":"JR","color":"#333333","operator":"JR West","isMajor":false},"geometry":{"type":"Point","coordinates":[135.33127,34.73904]}},{"type":"Feature","properties":{"name":"彩都西","symbol":"大阪","color":"#666666","operator":"大阪モノレール","isMajor":false},"geometry":{"type":"Point","coordinates":[135.52287,34.85507]}},{"type":"Feature","properties":{"name":"豊川","symbol":"大阪","color":"#666666","operator":"大阪モノレール","isMajor":false},"geometry":{"type":"Point","coordinates":[135.52671,34.83464]}},{"type":"Feature","properties":{"name":"新森古市","symbol":"I","color":"#EE7B1A","operator":"Osaka Metro","isMajor":false},"geometry":{"type":"Point","coordinates":[135.55826,34.71526]}},{"type":"Feature","properties":{"name":"今里","symbol":"I","color":"#EE7B1A","operator":"Osaka Metro","isMajor":false},"geometry":{"type":"Point","coordinates":[135.54307,34.67029]}},{"type":"Feature","properties":{"name":"井高野","symbol":"I","color":"#EE7B1A","operator":"Osaka Metro","isMajor":false},"geometry":{"type":"Point","coordinates":[135.54726,34.76012]}},{"type":"Feature","properties":{"name":"瑞光四丁目","symbol":"I","color":"#EE7B1A","operator":"Osaka Metro","isMajor":false},"geometry":{"type":"Point","coordinates":[135.54451,34.75212]}},{"type":"Feature","properties":{"name":"だいどう豊里","symbol":"I","color":"#EE7B1A","operator":"Osaka Metro","isMajor":false},"geometry":{"type":"Point","coordinates":[135.54447,34.74399]}},{"type":"Feature","properties":{"name":"太子橋今市","symbol":"I","color":"#EE7B1A","operator":"Osaka Metro","isMajor":false},"geometry":{"type":"Point","coordinates":[135.55616,34.7314]}},{"type":"Feature","properties":{"name":"清水","symbol":"I","color":"#EE7B1A","operator":"Osaka Metro","isMajor":false},"geometry":{"type":"Point","coordinates":[135.56081,34.72216]}},{"type":"Feature","properties":{"name":"関目成育","symbol":"I","color":"#EE7B1A","operator":"Osaka Metro","isMajor":false},"geometry":{"type":"Point","coordinates":[135.54644,34.71303]}},{"type":"Feature","properties":{"name":"蒲生四丁目","symbol":"I","color":"#EE7B1A","operator":"Osaka Metro","isMajor":false},"geometry":{"type":"Point","coordinates":[135.54629,34.70106]}},{"type":"Feature","properties":{"name":"鴫野","symbol":"I","color":"#EE7B1A","operator":"Osaka Metro","isMajor":false},"geometry":{"type":"Point","coordinates":[135.54615,34.69301]}},{"type":"Feature","properties":{"name":"緑橋","symbol":"I","color":"#EE7B1A","operator":"Osaka Metro","isMajor":false},"geometry":{"type":"Point","coordinates":[135.54464,34.6815]}},{"type":"Feature","properties":{"name":"なにわ橋","symbol":"京阪","color":"#666666","operator":"京阪電気鉄道","isMajor":false},"geometry":{"type":"Point","coordinates":[135.50799,34.69229]}},{"type":"Feature","properties":{"name":"渡辺橋","symbol":"京阪","color":"#666666","operator":"京阪電気鉄道","isMajor":false},"geometry":{"type":"Point","coordinates":[135.49591,34.69405]}},{"type":"Feature","properties":{"name":"大江橋","symbol":"京阪","color":"#666666","operator":"京阪電気鉄道","isMajor":false},"geometry":{"type":"Point","coordinates":[135.50097,34.69436]}},{"type":"Feature","properties":{"name":"中之島","symbol":"京阪","color":"#666666","operator":"京阪電気鉄道","isMajor":true},"geometry":{"type":"Point","coordinates":[135.4879,34.6917]}},{"type":"Feature","properties":{"name":"ドーム前","symbol":"阪神","color":"#666666","operator":"阪神電気鉄道","isMajor":false},"geometry":{"type":"Point","coordinates":[135.47867,34.67044]}},{"type":"Feature","properties":{"name":"九条","symbol":"阪神","color":"#666666","operator":"阪神電気鉄道","isMajor":false},"geometry":{"type":"Point","coordinates":[135.4744,34.67351]}},{"type":"Feature","properties":{"name":"桜川","symbol":"阪神","color":"#666666","operator":"阪神電気鉄道","isMajor":false},"geometry":{"type":"Point","coordinates":[135.4865,34.66841]}},{"type":"Feature","properties":{"name":"新加美","symbol":"JR","color":"#333333","operator":"JR West","isMajor":false},"geometry":{"type":"Point","coordinates":[135.56816,34.62723]}},{"type":"Feature","properties":{"name":"JR長瀬","symbol":"JR","color":"#333333","operator":"JR West","isMajor":false},"geometry":{"type":"Point","coordinates":[135.57034,34.64996]}},{"type":"Feature","properties":{"name":"JR俊徳道","symbol":"JR","color":"#333333","operator":"JR West","isMajor":false},"geometry":{"type":"Point","coordinates":[135.57246,34.65854]}},{"type":"Feature","properties":{"name":"JR河内永和","symbol":"JR","color":"#333333","operator":"JR West","isMajor":false},"geometry":{"type":"Point","coordinates":[135.57232,34.66433]}},{"type":"Feature","properties":{"name":"高井田中央","symbol":"JR","color":"#333333","operator":"JR West","isMajor":false},"geometry":{"type":"Point","coordinates":[135.5724,34.67883]}},{"type":"Feature","properties":{"name":"摂津市","symbol":"阪急","color":"#666666","operator":"阪急電鉄","isMajor":false},"geometry":{"type":"Point","coordinates":[135.55368,34.78637]}},{"type":"Feature","properties":{"name":"石津北","symbol":"阪堺","color":"#666666","operator":"阪堺電気軌道","isMajor":false},"geometry":{"type":"Point","coordinates":[135.45909,34.56039]}},{"type":"Feature","properties":{"name":"大阪難波","symbol":"近畿","color":"#666666","operator":"近畿日本鉄道","isMajor":true},"geometry":{"type":"Point","coordinates":[135.49903,34.66706]}},{"type":"Feature","properties":{"name":"摩耶","symbol":"JR","color":"#333333","operator":"JR West","isMajor":false},"geometry":{"type":"Point","coordinates":[135.22475,34.70852]}},{"type":"Feature","properties":{"name":"JR総持寺","symbol":"JR","color":"#333333","operator":"JR West","isMajor":false},"geometry":{"type":"Point","coordinates":[135.57767,34.82852]}},{"type":"Feature","properties":{"name":"衣摺加美北","symbol":"JR","color":"#333333","operator":"JR West","isMajor":false},"geometry":{"type":"Point","coordinates":[135.56712,34.63843]}},{"type":"Feature","properties":{"name":"南吹田","symbol":"JR","color":"#333333","operator":"JR West","isMajor":false},"geometry":{"type":"Point","coordinates":[135.51134,34.74942]}},{"type":"Feature","properties":{"name":"JR淡路","symbol":"JR","color":"#333333","operator":"JR West","isMajor":false},"geometry":{"type":"Point","coordinates":[135.51981,34.7408]}},{"type":"Feature","properties":{"name":"城北公園通","symbol":"JR","color":"#333333","operator":"JR West","isMajor":false},"geometry":{"type":"Point","coordinates":[135.5306,34.7237]}},{"type":"Feature","properties":{"name":"JR野江","symbol":"JR","color":"#333333","operator":"JR West","isMajor":false},"geometry":{"type":"Point","coordinates":[135.54139,34.70684]}}]}